document_id,domain,chunk_id,doc_name,chunk_index,text_chars,created_at
doc_116a1bf152e2,regulation,regulation:ccar_92:preface_000:c19b8213f9,政策法规_CCAR-92部.txt,0,130,2026-06-06 07:24:48
doc_116a1bf152e2,regulation,regulation:ccar_92:art_092_001,政策法规_CCAR-92部.txt,1,112,2026-06-06 07:24:48
doc_116a1bf152e2,regulation,regulation:ccar_92:art_092_003,政策法规_CCAR-92部.txt,2,215,2026-06-06 07:24:48
doc_116a1bf152e2,regulation,regulation:ccar_92:art_092_005,政策法规_CCAR-92部.txt,3,85,2026-06-06 07:24:48
doc_116a1bf152e2,regulation,regulation:ccar_92:art_092_007,政策法规_CCAR-92部.txt,4,315,2026-06-06 07:24:48
doc_116a1bf152e2,regulation,regulation:ccar_92:art_092_009,政策法规_CCAR-92部.txt,5,123,2026-06-06 07:24:48
doc_116a1bf152e2,regulation,regulation:ccar_92:art_092_051,政策法规_CCAR-92部.txt,6,978,2026-06-06 07:24:48
doc_116a1bf152e2,regulation,regulation:ccar_92:preface_007:d882db00cb,政策法规_CCAR-92部.txt,7,191,2026-06-06 07:24:48
doc_116a1bf152e2,regulation,regulation:ccar_92:art_092_053,政策法规_CCAR-92部.txt,8,562,2026-06-06 07:24:48
doc_116a1bf152e2,regulation,regulation:ccar_92:art_092_055,政策法规_CCAR-92部.txt,9,484,2026-06-06 07:24:48
doc_116a1bf152e2,regulation,regulation:ccar_92:art_092_057,政策法规_CCAR-92部.txt,10,291,2026-06-06 07:24:48
doc_116a1bf152e2,regulation,regulation:ccar_92:art_092_059,政策法规_CCAR-92部.txt,11,432,2026-06-06 07:24:48
doc_116a1bf152e2,regulation,regulation:ccar_92:art_092_061,政策法规_CCAR-92部.txt,12,145,2026-06-06 07:24:48
doc_116a1bf152e2,regulation,regulation:ccar_92:art_092_063,政策法规_CCAR-92部.txt,13,245,2026-06-06 07:24:48
doc_116a1bf152e2,regulation,regulation:ccar_92:art_092_065,政策法规_CCAR-92部.txt,14,261,2026-06-06 07:24:48
doc_116a1bf152e2,regulation,regulation:ccar_92:art_092_067,政策法规_CCAR-92部.txt,15,387,2026-06-06 07:24:48
doc_116a1bf152e2,regulation,regulation:ccar_92:art_092_069,政策法规_CCAR-92部.txt,16,248,2026-06-06 07:24:48
doc_116a1bf152e2,regulation,regulation:ccar_92:art_092_071,政策法规_CCAR-92部.txt,17,194,2026-06-06 07:24:48
doc_116a1bf152e2,regulation,regulation:ccar_92:art_092_073,政策法规_CCAR-92部.txt,18,271,2026-06-06 07:24:48
doc_116a1bf152e2,regulation,regulation:ccar_92:art_092_075,政策法规_CCAR-92部.txt,19,76,2026-06-06 07:24:48
doc_116a1bf152e2,regulation,regulation:ccar_92:art_092_077,政策法规_CCAR-92部.txt,20,161,2026-06-06 07:24:48
doc_116a1bf152e2,regulation,regulation:ccar_92:art_092_079,政策法规_CCAR-92部.txt,21,94,2026-06-06 07:24:48
doc_116a1bf152e2,regulation,regulation:ccar_92:art_092_081,政策法规_CCAR-92部.txt,22,260,2026-06-06 07:24:48
doc_116a1bf152e2,regulation,regulation:ccar_92:art_092_083,政策法规_CCAR-92部.txt,23,220,2026-06-06 07:24:48
doc_116a1bf152e2,regulation,regulation:ccar_92:art_092_085,政策法规_CCAR-92部.txt,24,86,2026-06-06 07:24:48
doc_116a1bf152e2,regulation,regulation:ccar_92:art_092_087,政策法规_CCAR-92部.txt,25,96,2026-06-06 07:24:48
doc_116a1bf152e2,regulation,regulation:ccar_92:art_092_089,政策法规_CCAR-92部.txt,26,283,2026-06-06 07:24:48
doc_116a1bf152e2,regulation,regulation:ccar_92:art_092_091,政策法规_CCAR-92部.txt,27,503,2026-06-06 07:24:48
doc_116a1bf152e2,regulation,regulation:ccar_92:art_092_093,政策法规_CCAR-92部.txt,28,563,2026-06-06 07:24:48
doc_116a1bf152e2,regulation,regulation:ccar_92:art_092_095,政策法规_CCAR-92部.txt,29,896,2026-06-06 07:24:48
doc_116a1bf152e2,regulation,regulation:ccar_92:art_092_097,政策法规_CCAR-92部.txt,30,75,2026-06-06 07:24:48
doc_116a1bf152e2,regulation,regulation:ccar_92:art_092_099,政策法规_CCAR-92部.txt,31,229,2026-06-06 07:24:48
doc_116a1bf152e2,regulation,regulation:ccar_92:art_092_101,政策法规_CCAR-92部.txt,32,197,2026-06-06 07:24:48
doc_116a1bf152e2,regulation,regulation:ccar_92:art_092_201,政策法规_CCAR-92部.txt,33,225,2026-06-06 07:24:48
doc_116a1bf152e2,regulation,regulation:ccar_92:art_092_203,政策法规_CCAR-92部.txt,34,131,2026-06-06 07:24:48
doc_116a1bf152e2,regulation,regulation:ccar_92:art_092_205,政策法规_CCAR-92部.txt,35,203,2026-06-06 07:24:48
doc_116a1bf152e2,regulation,regulation:ccar_92:art_092_207,政策法规_CCAR-92部.txt,36,137,2026-06-06 07:24:48
doc_116a1bf152e2,regulation,regulation:ccar_92:art_092_209,政策法规_CCAR-92部.txt,37,239,2026-06-06 07:24:48
doc_116a1bf152e2,regulation,regulation:ccar_92:art_092_211,政策法规_CCAR-92部.txt,38,157,2026-06-06 07:24:48
doc_116a1bf152e2,regulation,regulation:ccar_92:art_092_213,政策法规_CCAR-92部.txt,39,173,2026-06-06 07:24:48
doc_116a1bf152e2,regulation,regulation:ccar_92:art_092_214,政策法规_CCAR-92部.txt,40,60,2026-06-06 07:24:48
doc_116a1bf152e2,regulation,regulation:ccar_92:art_092_215,政策法规_CCAR-92部.txt,41,235,2026-06-06 07:24:48
doc_116a1bf152e2,regulation,regulation:ccar_92:art_092_217,政策法规_CCAR-92部.txt,42,330,2026-06-06 07:24:48
doc_116a1bf152e2,regulation,regulation:ccar_92:art_092_219,政策法规_CCAR-92部.txt,43,303,2026-06-06 07:24:48
doc_116a1bf152e2,regulation,regulation:ccar_92:art_092_221,政策法规_CCAR-92部.txt,44,189,2026-06-06 07:24:48
doc_116a1bf152e2,regulation,regulation:ccar_92:art_092_223,政策法规_CCAR-92部.txt,45,264,2026-06-06 07:24:48
doc_116a1bf152e2,regulation,regulation:ccar_92:art_092_225,政策法规_CCAR-92部.txt,46,353,2026-06-06 07:24:48
doc_116a1bf152e2,regulation,regulation:ccar_92:art_092_227,政策法规_CCAR-92部.txt,47,61,2026-06-06 07:24:48
doc_116a1bf152e2,regulation,regulation:ccar_92:art_092_229,政策法规_CCAR-92部.txt,48,199,2026-06-06 07:24:48
doc_116a1bf152e2,regulation,regulation:ccar_92:art_092_231,政策法规_CCAR-92部.txt,49,213,2026-06-06 07:24:48
doc_116a1bf152e2,regulation,regulation:ccar_92:art_092_233,政策法规_CCAR-92部.txt,50,128,2026-06-06 07:24:48
doc_116a1bf152e2,regulation,regulation:ccar_92:art_092_301,政策法规_CCAR-92部.txt,51,424,2026-06-06 07:24:48
doc_116a1bf152e2,regulation,regulation:ccar_92:art_092_303,政策法规_CCAR-92部.txt,52,195,2026-06-06 07:24:48
doc_116a1bf152e2,regulation,regulation:ccar_92:art_092_305,政策法规_CCAR-92部.txt,53,647,2026-06-06 07:24:48
doc_116a1bf152e2,regulation,regulation:ccar_92:art_092_307,政策法规_CCAR-92部.txt,54,136,2026-06-06 07:24:48
doc_116a1bf152e2,regulation,regulation:ccar_92:art_092_309,政策法规_CCAR-92部.txt,55,271,2026-06-06 07:24:48
doc_116a1bf152e2,regulation,regulation:ccar_92:art_092_311,政策法规_CCAR-92部.txt,56,474,2026-06-06 07:24:48
doc_116a1bf152e2,regulation,regulation:ccar_92:art_092_315,政策法规_CCAR-92部.txt,57,354,2026-06-06 07:24:48
doc_116a1bf152e2,regulation,regulation:ccar_92:art_092_321,政策法规_CCAR-92部.txt,58,90,2026-06-06 07:24:48
doc_116a1bf152e2,regulation,regulation:ccar_92:art_092_323,政策法规_CCAR-92部.txt,59,360,2026-06-06 07:24:48
doc_116a1bf152e2,regulation,regulation:ccar_92:art_092_325,政策法规_CCAR-92部.txt,60,121,2026-06-06 07:24:48
doc_116a1bf152e2,regulation,regulation:ccar_92:art_092_327,政策法规_CCAR-92部.txt,61,310,2026-06-06 07:24:48
doc_116a1bf152e2,regulation,regulation:ccar_92:art_092_329,政策法规_CCAR-92部.txt,62,742,2026-06-06 07:24:48
doc_116a1bf152e2,regulation,regulation:ccar_92:art_092_331,政策法规_CCAR-92部.txt,63,115,2026-06-06 07:24:48
doc_116a1bf152e2,regulation,regulation:ccar_92:art_092_335,政策法规_CCAR-92部.txt,64,371,2026-06-06 07:24:48
doc_116a1bf152e2,regulation,regulation:ccar_92:art_092_337,政策法规_CCAR-92部.txt,65,386,2026-06-06 07:24:48
doc_116a1bf152e2,regulation,regulation:ccar_92:art_092_343,政策法规_CCAR-92部.txt,66,673,2026-06-06 07:24:48
doc_116a1bf152e2,regulation,regulation:ccar_92:art_092_347,政策法规_CCAR-92部.txt,67,100,2026-06-06 07:24:48
doc_116a1bf152e2,regulation,regulation:ccar_92:art_092_349,政策法规_CCAR-92部.txt,68,504,2026-06-06 07:24:48
doc_116a1bf152e2,regulation,regulation:ccar_92:art_092_351,政策法规_CCAR-92部.txt,69,85,2026-06-06 07:24:48
doc_116a1bf152e2,regulation,regulation:ccar_92:art_092_353,政策法规_CCAR-92部.txt,70,289,2026-06-06 07:24:48
doc_116a1bf152e2,regulation,regulation:ccar_92:art_092_357,政策法规_CCAR-92部.txt,71,658,2026-06-06 07:24:48
doc_116a1bf152e2,regulation,regulation:ccar_92:art_092_359,政策法规_CCAR-92部.txt,72,248,2026-06-06 07:24:48
doc_116a1bf152e2,regulation,regulation:ccar_92:art_092_361,政策法规_CCAR-92部.txt,73,117,2026-06-06 07:24:48
doc_116a1bf152e2,regulation,regulation:ccar_92:art_092_363,政策法规_CCAR-92部.txt,74,97,2026-06-06 07:24:48
doc_116a1bf152e2,regulation,regulation:ccar_92:art_092_381,政策法规_CCAR-92部.txt,75,80,2026-06-06 07:24:48
doc_116a1bf152e2,regulation,regulation:ccar_92:art_092_383,政策法规_CCAR-92部.txt,76,244,2026-06-06 07:24:48
doc_116a1bf152e2,regulation,regulation:ccar_92:art_092_385,政策法规_CCAR-92部.txt,77,60,2026-06-06 07:24:48
doc_116a1bf152e2,regulation,regulation:ccar_92:art_092_387,政策法规_CCAR-92部.txt,78,95,2026-06-06 07:24:48
doc_116a1bf152e2,regulation,regulation:ccar_92:art_092_389,政策法规_CCAR-92部.txt,79,66,2026-06-06 07:24:48
doc_116a1bf152e2,regulation,regulation:ccar_92:art_092_391,政策法规_CCAR-92部.txt,80,116,2026-06-06 07:24:48
doc_116a1bf152e2,regulation,regulation:ccar_92:art_092_393,政策法规_CCAR-92部.txt,81,374,2026-06-06 07:24:48
doc_116a1bf152e2,regulation,regulation:ccar_92:art_092_395,政策法规_CCAR-92部.txt,82,58,2026-06-06 07:24:48
doc_116a1bf152e2,regulation,regulation:ccar_92:art_092_397,政策法规_CCAR-92部.txt,83,432,2026-06-06 07:24:48
doc_116a1bf152e2,regulation,regulation:ccar_92:art_092_403,政策法规_CCAR-92部.txt,84,229,2026-06-06 07:24:48
doc_116a1bf152e2,regulation,regulation:ccar_92:art_092_451,政策法规_CCAR-92部.txt,85,87,2026-06-06 07:24:48
doc_116a1bf152e2,regulation,regulation:ccar_92:art_092_453,政策法规_CCAR-92部.txt,86,320,2026-06-06 07:24:48
doc_116a1bf152e2,regulation,regulation:ccar_92:art_092_455,政策法规_CCAR-92部.txt,87,133,2026-06-06 07:24:48
doc_116a1bf152e2,regulation,regulation:ccar_92:art_092_457,政策法规_CCAR-92部.txt,88,78,2026-06-06 07:24:48
doc_116a1bf152e2,regulation,regulation:ccar_92:art_092_459,政策法规_CCAR-92部.txt,89,182,2026-06-06 07:24:48
doc_116a1bf152e2,regulation,regulation:ccar_92:art_092_461,政策法规_CCAR-92部.txt,90,101,2026-06-06 07:24:48
doc_116a1bf152e2,regulation,regulation:ccar_92:art_092_463,政策法规_CCAR-92部.txt,91,106,2026-06-06 07:24:48
doc_116a1bf152e2,regulation,regulation:ccar_92:art_092_465,政策法规_CCAR-92部.txt,92,53,2026-06-06 07:24:48
doc_116a1bf152e2,regulation,regulation:ccar_92:art_092_467,政策法规_CCAR-92部.txt,93,148,2026-06-06 07:24:48
doc_116a1bf152e2,regulation,regulation:ccar_92:art_092_471,政策法规_CCAR-92部.txt,94,90,2026-06-06 07:24:48
doc_116a1bf152e2,regulation,regulation:ccar_92:art_092_473,政策法规_CCAR-92部.txt,95,333,2026-06-06 07:24:48
doc_116a1bf152e2,regulation,regulation:ccar_92:art_092_475,政策法规_CCAR-92部.txt,96,45,2026-06-06 07:24:48
doc_116a1bf152e2,regulation,regulation:ccar_92:art_092_477,政策法规_CCAR-92部.txt,97,71,2026-06-06 07:24:48
doc_116a1bf152e2,regulation,regulation:ccar_92:art_092_479,政策法规_CCAR-92部.txt,98,268,2026-06-06 07:24:48
doc_116a1bf152e2,regulation,regulation:ccar_92:art_092_481,政策法规_CCAR-92部.txt,99,348,2026-06-06 07:24:48
doc_116a1bf152e2,regulation,regulation:ccar_92:art_092_483,政策法规_CCAR-92部.txt,100,570,2026-06-06 07:24:48
doc_116a1bf152e2,regulation,regulation:ccar_92:art_092_501,政策法规_CCAR-92部.txt,101,139,2026-06-06 07:24:48
doc_116a1bf152e2,regulation,regulation:ccar_92:art_092_503,政策法规_CCAR-92部.txt,102,278,2026-06-06 07:24:48
doc_116a1bf152e2,regulation,regulation:ccar_92:art_092_509,政策法规_CCAR-92部.txt,103,188,2026-06-06 07:24:48
doc_116a1bf152e2,regulation,regulation:ccar_92:art_092_511,政策法规_CCAR-92部.txt,104,243,2026-06-06 07:24:48
doc_116a1bf152e2,regulation,regulation:ccar_92:art_092_513,政策法规_CCAR-92部.txt,105,198,2026-06-06 07:24:48
doc_116a1bf152e2,regulation,regulation:ccar_92:art_092_515,政策法规_CCAR-92部.txt,106,213,2026-06-06 07:24:48
doc_116a1bf152e2,regulation,regulation:ccar_92:art_092_517,政策法规_CCAR-92部.txt,107,191,2026-06-06 07:24:48
doc_116a1bf152e2,regulation,regulation:ccar_92:art_092_519,政策法规_CCAR-92部.txt,108,58,2026-06-06 07:24:48
doc_116a1bf152e2,regulation,regulation:ccar_92:art_092_521,政策法规_CCAR-92部.txt,109,154,2026-06-06 07:24:48
doc_116a1bf152e2,regulation,regulation:ccar_92:art_092_525,政策法规_CCAR-92部.txt,110,421,2026-06-06 07:24:48
doc_116a1bf152e2,regulation,regulation:ccar_92:art_092_527,政策法规_CCAR-92部.txt,111,364,2026-06-06 07:24:48
doc_116a1bf152e2,regulation,regulation:ccar_92:art_092_529,政策法规_CCAR-92部.txt,112,222,2026-06-06 07:24:48
doc_116a1bf152e2,regulation,regulation:ccar_92:art_092_531,政策法规_CCAR-92部.txt,113,172,2026-06-06 07:24:48
doc_116a1bf152e2,regulation,regulation:ccar_92:art_092_533,政策法规_CCAR-92部.txt,114,174,2026-06-06 07:24:48
doc_116a1bf152e2,regulation,regulation:ccar_92:art_092_535,政策法规_CCAR-92部.txt,115,282,2026-06-06 07:24:48
doc_116a1bf152e2,regulation,regulation:ccar_92:art_092_537,政策法规_CCAR-92部.txt,116,98,2026-06-06 07:24:48
doc_116a1bf152e2,regulation,regulation:ccar_92:art_092_539,政策法规_CCAR-92部.txt,117,152,2026-06-06 07:24:48
doc_116a1bf152e2,regulation,regulation:ccar_92:art_092_541,政策法规_CCAR-92部.txt,118,120,2026-06-06 07:24:48
doc_116a1bf152e2,regulation,regulation:ccar_92:art_092_543,政策法规_CCAR-92部.txt,119,81,2026-06-06 07:24:48
doc_116a1bf152e2,regulation,regulation:ccar_92:art_092_545,政策法规_CCAR-92部.txt,120,203,2026-06-06 07:24:48
doc_116a1bf152e2,regulation,regulation:ccar_92:art_092_547,政策法规_CCAR-92部.txt,121,169,2026-06-06 07:24:48
doc_116a1bf152e2,regulation,regulation:ccar_92:art_092_549,政策法规_CCAR-92部.txt,122,78,2026-06-06 07:24:48
doc_116a1bf152e2,regulation,regulation:ccar_92:art_092_601,政策法规_CCAR-92部.txt,123,330,2026-06-06 07:24:48
doc_116a1bf152e2,regulation,regulation:ccar_92:art_092_603,政策法规_CCAR-92部.txt,124,291,2026-06-06 07:24:48
doc_116a1bf152e2,regulation,regulation:ccar_92:art_092_605,政策法规_CCAR-92部.txt,125,311,2026-06-06 07:24:48
doc_116a1bf152e2,regulation,regulation:ccar_92:art_092_611,政策法规_CCAR-92部.txt,126,145,2026-06-06 07:24:48
doc_116a1bf152e2,regulation,regulation:ccar_92:art_092_613,政策法规_CCAR-92部.txt,127,322,2026-06-06 07:24:48
doc_116a1bf152e2,regulation,regulation:ccar_92:art_092_615,政策法规_CCAR-92部.txt,128,175,2026-06-06 07:24:48
doc_116a1bf152e2,regulation,regulation:ccar_92:art_092_617,政策法规_CCAR-92部.txt,129,399,2026-06-06 07:24:48
doc_116a1bf152e2,regulation,regulation:ccar_92:art_092_619,政策法规_CCAR-92部.txt,130,989,2026-06-06 07:24:48
doc_116a1bf152e2,regulation,regulation:ccar_92:preface_131:287c41bcf9,政策法规_CCAR-92部.txt,131,264,2026-06-06 07:24:48
doc_116a1bf152e2,regulation,regulation:ccar_92:art_092_621,政策法规_CCAR-92部.txt,132,94,2026-06-06 07:24:48
doc_116a1bf152e2,regulation,regulation:ccar_92:art_092_623,政策法规_CCAR-92部.txt,133,354,2026-06-06 07:24:48
doc_116a1bf152e2,regulation,regulation:ccar_92:art_092_625,政策法规_CCAR-92部.txt,134,303,2026-06-06 07:24:48
doc_116a1bf152e2,regulation,regulation:ccar_92:art_092_627,政策法规_CCAR-92部.txt,135,51,2026-06-06 07:24:48
doc_116a1bf152e2,regulation,regulation:ccar_92:art_092_629,政策法规_CCAR-92部.txt,136,105,2026-06-06 07:24:48
doc_116a1bf152e2,regulation,regulation:ccar_92:art_092_631,政策法规_CCAR-92部.txt,137,204,2026-06-06 07:24:48
doc_116a1bf152e2,regulation,regulation:ccar_92:art_092_633,政策法规_CCAR-92部.txt,138,153,2026-06-06 07:24:48
doc_116a1bf152e2,regulation,regulation:ccar_92:art_092_634,政策法规_CCAR-92部.txt,139,57,2026-06-06 07:24:48
doc_116a1bf152e2,regulation,regulation:ccar_92:art_092_635,政策法规_CCAR-92部.txt,140,317,2026-06-06 07:24:48
doc_116a1bf152e2,regulation,regulation:ccar_92:art_092_636,政策法规_CCAR-92部.txt,141,98,2026-06-06 07:24:48
doc_116a1bf152e2,regulation,regulation:ccar_92:art_092_637,政策法规_CCAR-92部.txt,142,121,2026-06-06 07:24:48
doc_116a1bf152e2,regulation,regulation:ccar_92:art_092_639,政策法规_CCAR-92部.txt,143,159,2026-06-06 07:24:48
doc_116a1bf152e2,regulation,regulation:ccar_92:art_092_641,政策法规_CCAR-92部.txt,144,250,2026-06-06 07:24:48
doc_116a1bf152e2,regulation,regulation:ccar_92:art_092_643,政策法规_CCAR-92部.txt,145,139,2026-06-06 07:24:48
doc_116a1bf152e2,regulation,regulation:ccar_92:art_092_645,政策法规_CCAR-92部.txt,146,216,2026-06-06 07:24:48
doc_116a1bf152e2,regulation,regulation:ccar_92:art_092_647,政策法规_CCAR-92部.txt,147,360,2026-06-06 07:24:48
doc_116a1bf152e2,regulation,regulation:ccar_92:art_092_649,政策法规_CCAR-92部.txt,148,292,2026-06-06 07:24:48
doc_116a1bf152e2,regulation,regulation:ccar_92:art_092_651,政策法规_CCAR-92部.txt,149,151,2026-06-06 07:24:48
doc_116a1bf152e2,regulation,regulation:ccar_92:art_092_653,政策法规_CCAR-92部.txt,150,269,2026-06-06 07:24:48
doc_116a1bf152e2,regulation,regulation:ccar_92:art_092_655,政策法规_CCAR-92部.txt,151,244,2026-06-06 07:24:48
doc_116a1bf152e2,regulation,regulation:ccar_92:art_092_657,政策法规_CCAR-92部.txt,152,176,2026-06-06 07:24:48
doc_116a1bf152e2,regulation,regulation:ccar_92:art_092_659,政策法规_CCAR-92部.txt,153,165,2026-06-06 07:24:48
doc_116a1bf152e2,regulation,regulation:ccar_92:art_092_661,政策法规_CCAR-92部.txt,154,159,2026-06-06 07:24:48
doc_116a1bf152e2,regulation,regulation:ccar_92:art_092_663,政策法规_CCAR-92部.txt,155,153,2026-06-06 07:24:48
doc_116a1bf152e2,regulation,regulation:ccar_92:art_092_665,政策法规_CCAR-92部.txt,156,224,2026-06-06 07:24:48
doc_116a1bf152e2,regulation,regulation:ccar_92:art_092_667,政策法规_CCAR-92部.txt,157,304,2026-06-06 07:24:48
doc_116a1bf152e2,regulation,regulation:ccar_92:art_092_669,政策法规_CCAR-92部.txt,158,29,2026-06-06 07:24:48
doc_116a1bf152e2,regulation,regulation:ccar_92:art_092_671,政策法规_CCAR-92部.txt,159,320,2026-06-06 07:24:48
doc_116a1bf152e2,regulation,regulation:ccar_92:art_092_673,政策法规_CCAR-92部.txt,160,262,2026-06-06 07:24:48
doc_116a1bf152e2,regulation,regulation:ccar_92:art_092_675,政策法规_CCAR-92部.txt,161,56,2026-06-06 07:24:48
doc_116a1bf152e2,regulation,regulation:ccar_92:art_092_677,政策法规_CCAR-92部.txt,162,63,2026-06-06 07:24:48
doc_116a1bf152e2,regulation,regulation:ccar_92:art_092_679,政策法规_CCAR-92部.txt,163,143,2026-06-06 07:24:48
doc_116a1bf152e2,regulation,regulation:ccar_92:art_092_681,政策法规_CCAR-92部.txt,164,74,2026-06-06 07:24:48
doc_116a1bf152e2,regulation,regulation:ccar_92:art_092_683,政策法规_CCAR-92部.txt,165,337,2026-06-06 07:24:48
doc_116a1bf152e2,regulation,regulation:ccar_92:art_092_685,政策法规_CCAR-92部.txt,166,305,2026-06-06 07:24:48
doc_116a1bf152e2,regulation,regulation:ccar_92:art_092_687,政策法规_CCAR-92部.txt,167,277,2026-06-06 07:24:48
doc_116a1bf152e2,regulation,regulation:ccar_92:art_092_689,政策法规_CCAR-92部.txt,168,48,2026-06-06 07:24:48
doc_116a1bf152e2,regulation,regulation:ccar_92:art_092_691,政策法规_CCAR-92部.txt,169,135,2026-06-06 07:24:48
doc_116a1bf152e2,regulation,regulation:ccar_92:art_092_693,政策法规_CCAR-92部.txt,170,106,2026-06-06 07:24:48
doc_116a1bf152e2,regulation,regulation:ccar_92:art_092_695,政策法规_CCAR-92部.txt,171,122,2026-06-06 07:24:48
doc_116a1bf152e2,regulation,regulation:ccar_92:art_092_697,政策法规_CCAR-92部.txt,172,187,2026-06-06 07:24:48
doc_116a1bf152e2,regulation,regulation:ccar_92:art_092_699,政策法规_CCAR-92部.txt,173,186,2026-06-06 07:24:48
doc_116a1bf152e2,regulation,regulation:ccar_92:art_092_701,政策法规_CCAR-92部.txt,174,186,2026-06-06 07:24:48
doc_116a1bf152e2,regulation,regulation:ccar_92:art_092_703,政策法规_CCAR-92部.txt,175,122,2026-06-06 07:24:48
doc_116a1bf152e2,regulation,regulation:ccar_92:art_092_705,政策法规_CCAR-92部.txt,176,62,2026-06-06 07:24:48
doc_116a1bf152e2,regulation,regulation:ccar_92:art_092_707,政策法规_CCAR-92部.txt,177,368,2026-06-06 07:24:48
doc_116a1bf152e2,regulation,regulation:ccar_92:art_092_709,政策法规_CCAR-92部.txt,178,110,2026-06-06 07:24:48
doc_116a1bf152e2,regulation,regulation:ccar_92:art_092_1001,政策法规_CCAR-92部.txt,179,730,2026-06-06 07:24:48
doc_116a1bf152e2,regulation,regulation:ccar_92:art_092_1003,政策法规_CCAR-92部.txt,180,73,2026-06-06 07:24:48
doc_116a1bf152e2,regulation,regulation:ccar_92:art_092_1005,政策法规_CCAR-92部.txt,181,367,2026-06-06 07:24:48
doc_116a1bf152e2,regulation,regulation:ccar_92:art_092_1007,政策法规_CCAR-92部.txt,182,245,2026-06-06 07:24:48
doc_116a1bf152e2,regulation,regulation:ccar_92:art_092_1009,政策法规_CCAR-92部.txt,183,542,2026-06-06 07:24:48
doc_116a1bf152e2,regulation,regulation:ccar_92:art_092_1011,政策法规_CCAR-92部.txt,184,356,2026-06-06 07:24:48
doc_116a1bf152e2,regulation,regulation:ccar_92:art_092_1013,政策法规_CCAR-92部.txt,185,221,2026-06-06 07:24:48
doc_116a1bf152e2,regulation,regulation:ccar_92:art_092_1015,政策法规_CCAR-92部.txt,186,245,2026-06-06 07:24:48
doc_116a1bf152e2,regulation,regulation:ccar_92:art_092_1017,政策法规_CCAR-92部.txt,187,54,2026-06-06 07:24:48
doc_116a1bf152e2,regulation,regulation:ccar_92:art_092_1019,政策法规_CCAR-92部.txt,188,282,2026-06-06 07:24:48
doc_116a1bf152e2,regulation,regulation:ccar_92:art_092_1021,政策法规_CCAR-92部.txt,189,67,2026-06-06 07:24:48
doc_116a1bf152e2,regulation,regulation:ccar_92:art_092_1101,政策法规_CCAR-92部.txt,190,44,2026-06-06 07:24:48
doc_116a1bf152e2,regulation,regulation:ccar_92:art_092_1103,政策法规_CCAR-92部.txt,191,25,2026-06-06 07:24:48
doc_0fe871347112,regulation,regulation:uas_training_org_spec:preface_000:af0bd7dc20,政策法规_《民用中小型无人驾驶航空器操控员训练机构规范》.txt,0,993,2026-06-06 07:24:48
doc_0fe871347112,regulation,regulation:uas_training_org_spec:preface_001:800502756a,政策法规_《民用中小型无人驾驶航空器操控员训练机构规范》.txt,1,991,2026-06-06 07:24:48
doc_0fe871347112,regulation,regulation:uas_training_org_spec:preface_002:f2efce3e68,政策法规_《民用中小型无人驾驶航空器操控员训练机构规范》.txt,2,130,2026-06-06 07:24:48
doc_0fe871347112,regulation,regulation:uas_training_org_spec:clause_001,政策法规_《民用中小型无人驾驶航空器操控员训练机构规范》.txt,3,211,2026-06-06 07:24:48
doc_0fe871347112,regulation,regulation:uas_training_org_spec:clause_002,政策法规_《民用中小型无人驾驶航空器操控员训练机构规范》.txt,4,73,2026-06-06 07:24:48
doc_0fe871347112,regulation,regulation:uas_training_org_spec:clause_003,政策法规_《民用中小型无人驾驶航空器操控员训练机构规范》.txt,5,23,2026-06-06 07:24:48
doc_0fe871347112,regulation,regulation:uas_training_org_spec:clause_003_001,政策法规_《民用中小型无人驾驶航空器操控员训练机构规范》.txt,6,75,2026-06-06 07:24:48
doc_0fe871347112,regulation,regulation:uas_training_org_spec:clause_003_002,政策法规_《民用中小型无人驾驶航空器操控员训练机构规范》.txt,7,112,2026-06-06 07:24:48
doc_0fe871347112,regulation,regulation:uas_training_org_spec:clause_003_003,政策法规_《民用中小型无人驾驶航空器操控员训练机构规范》.txt,8,65,2026-06-06 07:24:48
doc_0fe871347112,regulation,regulation:uas_training_org_spec:clause_003_004,政策法规_《民用中小型无人驾驶航空器操控员训练机构规范》.txt,9,60,2026-06-06 07:24:48
doc_0fe871347112,regulation,regulation:uas_training_org_spec:clause_003_005,政策法规_《民用中小型无人驾驶航空器操控员训练机构规范》.txt,10,99,2026-06-06 07:24:48
doc_0fe871347112,regulation,regulation:uas_training_org_spec:clause_003_006,政策法规_《民用中小型无人驾驶航空器操控员训练机构规范》.txt,11,45,2026-06-06 07:24:48
doc_0fe871347112,regulation,regulation:uas_training_org_spec:clause_003_007,政策法规_《民用中小型无人驾驶航空器操控员训练机构规范》.txt,12,114,2026-06-06 07:24:48
doc_0fe871347112,regulation,regulation:uas_training_org_spec:clause_003_008,政策法规_《民用中小型无人驾驶航空器操控员训练机构规范》.txt,13,65,2026-06-06 07:24:48
doc_0fe871347112,regulation,regulation:uas_training_org_spec:clause_003_009,政策法规_《民用中小型无人驾驶航空器操控员训练机构规范》.txt,14,70,2026-06-06 07:24:48
doc_0fe871347112,regulation,regulation:uas_training_org_spec:clause_003_010,政策法规_《民用中小型无人驾驶航空器操控员训练机构规范》.txt,15,66,2026-06-06 07:24:48
doc_0fe871347112,regulation,regulation:uas_training_org_spec:clause_003_011,政策法规_《民用中小型无人驾驶航空器操控员训练机构规范》.txt,16,141,2026-06-06 07:24:48
doc_0fe871347112,regulation,regulation:uas_training_org_spec:clause_003_012,政策法规_《民用中小型无人驾驶航空器操控员训练机构规范》.txt,17,167,2026-06-06 07:24:48
doc_0fe871347112,regulation,regulation:uas_training_org_spec:clause_003_013,政策法规_《民用中小型无人驾驶航空器操控员训练机构规范》.txt,18,126,2026-06-06 07:24:48
doc_0fe871347112,regulation,regulation:uas_training_org_spec:clause_004,政策法规_《民用中小型无人驾驶航空器操控员训练机构规范》.txt,19,205,2026-06-06 07:24:48
doc_0fe871347112,regulation,regulation:uas_training_org_spec:clause_005,政策法规_《民用中小型无人驾驶航空器操控员训练机构规范》.txt,20,6,2026-06-06 07:24:48
doc_0fe871347112,regulation,regulation:uas_training_org_spec:clause_005_001,政策法规_《民用中小型无人驾驶航空器操控员训练机构规范》.txt,21,101,2026-06-06 07:24:48
doc_0fe871347112,regulation,regulation:uas_training_org_spec:clause_005_002,政策法规_《民用中小型无人驾驶航空器操控员训练机构规范》.txt,22,270,2026-06-06 07:24:48
doc_0fe871347112,regulation,regulation:uas_training_org_spec:clause_005_003,政策法规_《民用中小型无人驾驶航空器操控员训练机构规范》.txt,23,15,2026-06-06 07:24:48
doc_0fe871347112,regulation,regulation:uas_training_org_spec:clause_005_003_001,政策法规_《民用中小型无人驾驶航空器操控员训练机构规范》.txt,24,58,2026-06-06 07:24:48
doc_0fe871347112,regulation,regulation:uas_training_org_spec:clause_005_003_002,政策法规_《民用中小型无人驾驶航空器操控员训练机构规范》.txt,25,37,2026-06-06 07:24:48
doc_0fe871347112,regulation,regulation:uas_training_org_spec:clause_005_003_003,政策法规_《民用中小型无人驾驶航空器操控员训练机构规范》.txt,26,39,2026-06-06 07:24:48
doc_0fe871347112,regulation,regulation:uas_training_org_spec:clause_005_004,政策法规_《民用中小型无人驾驶航空器操控员训练机构规范》.txt,27,12,2026-06-06 07:24:48
doc_0fe871347112,regulation,regulation:uas_training_org_spec:clause_005_004_001,政策法规_《民用中小型无人驾驶航空器操控员训练机构规范》.txt,28,46,2026-06-06 07:24:48
doc_0fe871347112,regulation,regulation:uas_training_org_spec:clause_005_004_002,政策法规_《民用中小型无人驾驶航空器操控员训练机构规范》.txt,29,43,2026-06-06 07:24:48
doc_0fe871347112,regulation,regulation:uas_training_org_spec:clause_005_004_003,政策法规_《民用中小型无人驾驶航空器操控员训练机构规范》.txt,30,44,2026-06-06 07:24:48
doc_0fe871347112,regulation,regulation:uas_training_org_spec:clause_005_005,政策法规_《民用中小型无人驾驶航空器操控员训练机构规范》.txt,31,10,2026-06-06 07:24:48
doc_0fe871347112,regulation,regulation:uas_training_org_spec:clause_005_005_001,政策法规_《民用中小型无人驾驶航空器操控员训练机构规范》.txt,32,73,2026-06-06 07:24:48
doc_0fe871347112,regulation,regulation:uas_training_org_spec:clause_005_005_002,政策法规_《民用中小型无人驾驶航空器操控员训练机构规范》.txt,33,96,2026-06-06 07:24:48
doc_0fe871347112,regulation,regulation:uas_training_org_spec:clause_005_006,政策法规_《民用中小型无人驾驶航空器操控员训练机构规范》.txt,34,8,2026-06-06 07:24:48
doc_0fe871347112,regulation,regulation:uas_training_org_spec:clause_005_006_001,政策法规_《民用中小型无人驾驶航空器操控员训练机构规范》.txt,35,68,2026-06-06 07:24:48
doc_0fe871347112,regulation,regulation:uas_training_org_spec:clause_005_006_002,政策法规_《民用中小型无人驾驶航空器操控员训练机构规范》.txt,36,70,2026-06-06 07:24:48
doc_0fe871347112,regulation,regulation:uas_training_org_spec:clause_005_006_003,政策法规_《民用中小型无人驾驶航空器操控员训练机构规范》.txt,37,89,2026-06-06 07:24:48
doc_0fe871347112,regulation,regulation:uas_training_org_spec:clause_005_007,政策法规_《民用中小型无人驾驶航空器操控员训练机构规范》.txt,38,8,2026-06-06 07:24:48
doc_0fe871347112,regulation,regulation:uas_training_org_spec:clause_005_007_001,政策法规_《民用中小型无人驾驶航空器操控员训练机构规范》.txt,39,54,2026-06-06 07:24:48
doc_0fe871347112,regulation,regulation:uas_training_org_spec:clause_005_007_002,政策法规_《民用中小型无人驾驶航空器操控员训练机构规范》.txt,40,57,2026-06-06 07:24:48
doc_0fe871347112,regulation,regulation:uas_training_org_spec:clause_005_007_003,政策法规_《民用中小型无人驾驶航空器操控员训练机构规范》.txt,41,48,2026-06-06 07:24:48
doc_0fe871347112,regulation,regulation:uas_training_org_spec:clause_006,政策法规_《民用中小型无人驾驶航空器操控员训练机构规范》.txt,42,6,2026-06-06 07:24:48
doc_0fe871347112,regulation,regulation:uas_training_org_spec:clause_006_001,政策法规_《民用中小型无人驾驶航空器操控员训练机构规范》.txt,43,11,2026-06-06 07:24:48
doc_0fe871347112,regulation,regulation:uas_training_org_spec:clause_006_001_001,政策法规_《民用中小型无人驾驶航空器操控员训练机构规范》.txt,44,82,2026-06-06 07:24:48
doc_0fe871347112,regulation,regulation:uas_training_org_spec:clause_006_001_002,政策法规_《民用中小型无人驾驶航空器操控员训练机构规范》.txt,45,48,2026-06-06 07:24:48
doc_0fe871347112,regulation,regulation:uas_training_org_spec:clause_006_001_003,政策法规_《民用中小型无人驾驶航空器操控员训练机构规范》.txt,46,49,2026-06-06 07:24:48
doc_0fe871347112,regulation,regulation:uas_training_org_spec:clause_006_002,政策法规_《民用中小型无人驾驶航空器操控员训练机构规范》.txt,47,12,2026-06-06 07:24:48
doc_0fe871347112,regulation,regulation:uas_training_org_spec:clause_006_002_001,政策法规_《民用中小型无人驾驶航空器操控员训练机构规范》.txt,48,246,2026-06-06 07:24:48
doc_0fe871347112,regulation,regulation:uas_training_org_spec:clause_006_002_002,政策法规_《民用中小型无人驾驶航空器操控员训练机构规范》.txt,49,129,2026-06-06 07:24:48
doc_0fe871347112,regulation,regulation:uas_training_org_spec:clause_006_002_003,政策法规_《民用中小型无人驾驶航空器操控员训练机构规范》.txt,50,96,2026-06-06 07:24:48
doc_0fe871347112,regulation,regulation:uas_training_org_spec:clause_006_002_004,政策法规_《民用中小型无人驾驶航空器操控员训练机构规范》.txt,51,47,2026-06-06 07:24:48
doc_0fe871347112,regulation,regulation:uas_training_org_spec:clause_006_003,政策法规_《民用中小型无人驾驶航空器操控员训练机构规范》.txt,52,15,2026-06-06 07:24:48
doc_0fe871347112,regulation,regulation:uas_training_org_spec:clause_006_003_001,政策法规_《民用中小型无人驾驶航空器操控员训练机构规范》.txt,53,155,2026-06-06 07:24:48
doc_0fe871347112,regulation,regulation:uas_training_org_spec:clause_006_003_002,政策法规_《民用中小型无人驾驶航空器操控员训练机构规范》.txt,54,214,2026-06-06 07:24:48
doc_0fe871347112,regulation,regulation:uas_training_org_spec:clause_006_003_003,政策法规_《民用中小型无人驾驶航空器操控员训练机构规范》.txt,55,60,2026-06-06 07:24:48
doc_0fe871347112,regulation,regulation:uas_training_org_spec:clause_006_003_004,政策法规_《民用中小型无人驾驶航空器操控员训练机构规范》.txt,56,75,2026-06-06 07:24:48
doc_0fe871347112,regulation,regulation:uas_training_org_spec:clause_006_004,政策法规_《民用中小型无人驾驶航空器操控员训练机构规范》.txt,57,10,2026-06-06 07:24:48
doc_0fe871347112,regulation,regulation:uas_training_org_spec:clause_006_004_001,政策法规_《民用中小型无人驾驶航空器操控员训练机构规范》.txt,58,73,2026-06-06 07:24:48
doc_0fe871347112,regulation,regulation:uas_training_org_spec:clause_006_004_002,政策法规_《民用中小型无人驾驶航空器操控员训练机构规范》.txt,59,61,2026-06-06 07:24:48
doc_0fe871347112,regulation,regulation:uas_training_org_spec:clause_006_004_003,政策法规_《民用中小型无人驾驶航空器操控员训练机构规范》.txt,60,113,2026-06-06 07:24:48
doc_0fe871347112,regulation,regulation:uas_training_org_spec:clause_006_004_004,政策法规_《民用中小型无人驾驶航空器操控员训练机构规范》.txt,61,53,2026-06-06 07:24:48
doc_0fe871347112,regulation,regulation:uas_training_org_spec:clause_006_004_005,政策法规_《民用中小型无人驾驶航空器操控员训练机构规范》.txt,62,34,2026-06-06 07:24:48
doc_0fe871347112,regulation,regulation:uas_training_org_spec:clause_006_004_006,政策法规_《民用中小型无人驾驶航空器操控员训练机构规范》.txt,63,53,2026-06-06 07:24:48
doc_0fe871347112,regulation,regulation:uas_training_org_spec:clause_007,政策法规_《民用中小型无人驾驶航空器操控员训练机构规范》.txt,64,18,2026-06-06 07:24:48
doc_0fe871347112,regulation,regulation:uas_training_org_spec:clause_007_001,政策法规_《民用中小型无人驾驶航空器操控员训练机构规范》.txt,65,13,2026-06-06 07:24:48
doc_0fe871347112,regulation,regulation:uas_training_org_spec:clause_007_001_001,政策法规_《民用中小型无人驾驶航空器操控员训练机构规范》.txt,66,97,2026-06-06 07:24:48
doc_0fe871347112,regulation,regulation:uas_training_org_spec:clause_007_001_002,政策法规_《民用中小型无人驾驶航空器操控员训练机构规范》.txt,67,39,2026-06-06 07:24:48
doc_0fe871347112,regulation,regulation:uas_training_org_spec:clause_007_001_003,政策法规_《民用中小型无人驾驶航空器操控员训练机构规范》.txt,68,24,2026-06-06 07:24:48
doc_0fe871347112,regulation,regulation:uas_training_org_spec:clause_007_001_004,政策法规_《民用中小型无人驾驶航空器操控员训练机构规范》.txt,69,36,2026-06-06 07:24:48
doc_0fe871347112,regulation,regulation:uas_training_org_spec:clause_007_001_005,政策法规_《民用中小型无人驾驶航空器操控员训练机构规范》.txt,70,49,2026-06-06 07:24:48
doc_0fe871347112,regulation,regulation:uas_training_org_spec:clause_007_001_006,政策法规_《民用中小型无人驾驶航空器操控员训练机构规范》.txt,71,22,2026-06-06 07:24:48
doc_0fe871347112,regulation,regulation:uas_training_org_spec:clause_007_001_007,政策法规_《民用中小型无人驾驶航空器操控员训练机构规范》.txt,72,47,2026-06-06 07:24:48
doc_0fe871347112,regulation,regulation:uas_training_org_spec:clause_007_002,政策法规_《民用中小型无人驾驶航空器操控员训练机构规范》.txt,73,12,2026-06-06 07:24:48
doc_0fe871347112,regulation,regulation:uas_training_org_spec:clause_007_002_001,政策法规_《民用中小型无人驾驶航空器操控员训练机构规范》.txt,74,38,2026-06-06 07:24:48
doc_0fe871347112,regulation,regulation:uas_training_org_spec:clause_007_002_002,政策法规_《民用中小型无人驾驶航空器操控员训练机构规范》.txt,75,48,2026-06-06 07:24:48
doc_0fe871347112,regulation,regulation:uas_training_org_spec:clause_007_003,政策法规_《民用中小型无人驾驶航空器操控员训练机构规范》.txt,76,27,2026-06-06 07:24:48
doc_0fe871347112,regulation,regulation:uas_training_org_spec:clause_007_004,政策法规_《民用中小型无人驾驶航空器操控员训练机构规范》.txt,77,46,2026-06-06 07:24:48
doc_0fe871347112,regulation,regulation:uas_training_org_spec:clause_007_005,政策法规_《民用中小型无人驾驶航空器操控员训练机构规范》.txt,78,9,2026-06-06 07:24:48
doc_0fe871347112,regulation,regulation:uas_training_org_spec:clause_007_005_001,政策法规_《民用中小型无人驾驶航空器操控员训练机构规范》.txt,79,54,2026-06-06 07:24:48
doc_0fe871347112,regulation,regulation:uas_training_org_spec:clause_007_005_002,政策法规_《民用中小型无人驾驶航空器操控员训练机构规范》.txt,80,59,2026-06-06 07:24:48
doc_0fe871347112,regulation,regulation:uas_training_org_spec:clause_007_005_003,政策法规_《民用中小型无人驾驶航空器操控员训练机构规范》.txt,81,30,2026-06-06 07:24:48
doc_0fe871347112,regulation,regulation:uas_training_org_spec:clause_008,政策法规_《民用中小型无人驾驶航空器操控员训练机构规范》.txt,82,14,2026-06-06 07:24:48
doc_0fe871347112,regulation,regulation:uas_training_org_spec:clause_008_001,政策法规_《民用中小型无人驾驶航空器操控员训练机构规范》.txt,83,8,2026-06-06 07:24:48
doc_0fe871347112,regulation,regulation:uas_training_org_spec:clause_008_001_001,政策法规_《民用中小型无人驾驶航空器操控员训练机构规范》.txt,84,58,2026-06-06 07:24:48
doc_0fe871347112,regulation,regulation:uas_training_org_spec:clause_008_001_002,政策法规_《民用中小型无人驾驶航空器操控员训练机构规范》.txt,85,83,2026-06-06 07:24:48
doc_0fe871347112,regulation,regulation:uas_training_org_spec:clause_008_001_003,政策法规_《民用中小型无人驾驶航空器操控员训练机构规范》.txt,86,26,2026-06-06 07:24:48
doc_0fe871347112,regulation,regulation:uas_training_org_spec:clause_008_002,政策法规_《民用中小型无人驾驶航空器操控员训练机构规范》.txt,87,11,2026-06-06 07:24:48
doc_0fe871347112,regulation,regulation:uas_training_org_spec:clause_008_002_001,政策法规_《民用中小型无人驾驶航空器操控员训练机构规范》.txt,88,82,2026-06-06 07:24:48
doc_0fe871347112,regulation,regulation:uas_training_org_spec:clause_008_002_002,政策法规_《民用中小型无人驾驶航空器操控员训练机构规范》.txt,89,27,2026-06-06 07:24:48
doc_0fe871347112,regulation,regulation:uas_training_org_spec:clause_008_003,政策法规_《民用中小型无人驾驶航空器操控员训练机构规范》.txt,90,10,2026-06-06 07:24:48
doc_0fe871347112,regulation,regulation:uas_training_org_spec:clause_008_003_001,政策法规_《民用中小型无人驾驶航空器操控员训练机构规范》.txt,91,66,2026-06-06 07:24:48
doc_0fe871347112,regulation,regulation:uas_training_org_spec:clause_008_003_002,政策法规_《民用中小型无人驾驶航空器操控员训练机构规范》.txt,92,49,2026-06-06 07:24:48
doc_0fe871347112,regulation,regulation:uas_training_org_spec:clause_008_003_003,政策法规_《民用中小型无人驾驶航空器操控员训练机构规范》.txt,93,51,2026-06-06 07:24:48
doc_0fe871347112,regulation,regulation:uas_training_org_spec:clause_008_003_004,政策法规_《民用中小型无人驾驶航空器操控员训练机构规范》.txt,94,41,2026-06-06 07:24:48
doc_0fe871347112,regulation,regulation:uas_training_org_spec:clause_008_003_005,政策法规_《民用中小型无人驾驶航空器操控员训练机构规范》.txt,95,89,2026-06-06 07:24:48
doc_0fe871347112,regulation,regulation:uas_training_org_spec:clause_008_004,政策法规_《民用中小型无人驾驶航空器操控员训练机构规范》.txt,96,8,2026-06-06 07:24:48
doc_0fe871347112,regulation,regulation:uas_training_org_spec:clause_008_004_001,政策法规_《民用中小型无人驾驶航空器操控员训练机构规范》.txt,97,65,2026-06-06 07:24:48
doc_0fe871347112,regulation,regulation:uas_training_org_spec:clause_008_004_002,政策法规_《民用中小型无人驾驶航空器操控员训练机构规范》.txt,98,36,2026-06-06 07:24:48
doc_0fe871347112,regulation,regulation:uas_training_org_spec:clause_008_004_003,政策法规_《民用中小型无人驾驶航空器操控员训练机构规范》.txt,99,66,2026-06-06 07:24:48
doc_0fe871347112,regulation,regulation:uas_training_org_spec:clause_008_004_004,政策法规_《民用中小型无人驾驶航空器操控员训练机构规范》.txt,100,52,2026-06-06 07:24:48
doc_0fe871347112,regulation,regulation:uas_training_org_spec:clause_008_005,政策法规_《民用中小型无人驾驶航空器操控员训练机构规范》.txt,101,12,2026-06-06 07:24:48
doc_0fe871347112,regulation,regulation:uas_training_org_spec:clause_008_005_001,政策法规_《民用中小型无人驾驶航空器操控员训练机构规范》.txt,102,237,2026-06-06 07:24:48
doc_0fe871347112,regulation,regulation:uas_training_org_spec:clause_008_005_002,政策法规_《民用中小型无人驾驶航空器操控员训练机构规范》.txt,103,177,2026-06-06 07:24:48
doc_0fe871347112,regulation,regulation:uas_training_org_spec:clause_008_005_003,政策法规_《民用中小型无人驾驶航空器操控员训练机构规范》.txt,104,261,2026-06-06 07:24:48
doc_0fe871347112,regulation,regulation:uas_training_org_spec:clause_008_005_004,政策法规_《民用中小型无人驾驶航空器操控员训练机构规范》.txt,105,158,2026-06-06 07:24:48
doc_0fe871347112,regulation,regulation:uas_training_org_spec:clause_008_005_005,政策法规_《民用中小型无人驾驶航空器操控员训练机构规范》.txt,106,148,2026-06-06 07:24:48
doc_0fe871347112,regulation,regulation:uas_training_org_spec:clause_008_005_006,政策法规_《民用中小型无人驾驶航空器操控员训练机构规范》.txt,107,184,2026-06-06 07:24:48
doc_0fe871347112,regulation,regulation:uas_training_org_spec:clause_008_005_007,政策法规_《民用中小型无人驾驶航空器操控员训练机构规范》.txt,108,113,2026-06-06 07:24:48
doc_0fe871347112,regulation,regulation:uas_training_org_spec:clause_008_005_008,政策法规_《民用中小型无人驾驶航空器操控员训练机构规范》.txt,109,56,2026-06-06 07:24:48
doc_0fe871347112,regulation,regulation:uas_training_org_spec:clause_008_006,政策法规_《民用中小型无人驾驶航空器操控员训练机构规范》.txt,110,12,2026-06-06 07:24:48
doc_0fe871347112,regulation,regulation:uas_training_org_spec:clause_008_006_001,政策法规_《民用中小型无人驾驶航空器操控员训练机构规范》.txt,111,59,2026-06-06 07:24:48
doc_0fe871347112,regulation,regulation:uas_training_org_spec:clause_008_006_002,政策法规_《民用中小型无人驾驶航空器操控员训练机构规范》.txt,112,46,2026-06-06 07:24:48
doc_0fe871347112,regulation,regulation:uas_training_org_spec:clause_009,政策法规_《民用中小型无人驾驶航空器操控员训练机构规范》.txt,113,8,2026-06-06 07:24:48
doc_0fe871347112,regulation,regulation:uas_training_org_spec:clause_009_001,政策法规_《民用中小型无人驾驶航空器操控员训练机构规范》.txt,114,263,2026-06-06 07:24:48
doc_0fe871347112,regulation,regulation:uas_training_org_spec:clause_009_002,政策法规_《民用中小型无人驾驶航空器操控员训练机构规范》.txt,115,13,2026-06-06 07:24:48
doc_0fe871347112,regulation,regulation:uas_training_org_spec:clause_009_002_001,政策法规_《民用中小型无人驾驶航空器操控员训练机构规范》.txt,116,45,2026-06-06 07:24:48
doc_0fe871347112,regulation,regulation:uas_training_org_spec:clause_009_002_002,政策法规_《民用中小型无人驾驶航空器操控员训练机构规范》.txt,117,56,2026-06-06 07:24:48
doc_0fe871347112,regulation,regulation:uas_training_org_spec:clause_009_002_003,政策法规_《民用中小型无人驾驶航空器操控员训练机构规范》.txt,118,134,2026-06-06 07:24:48
doc_0fe871347112,regulation,regulation:uas_training_org_spec:clause_009_003,政策法规_《民用中小型无人驾驶航空器操控员训练机构规范》.txt,119,14,2026-06-06 07:24:48
doc_0fe871347112,regulation,regulation:uas_training_org_spec:clause_009_003_001,政策法规_《民用中小型无人驾驶航空器操控员训练机构规范》.txt,120,102,2026-06-06 07:24:48
doc_0fe871347112,regulation,regulation:uas_training_org_spec:clause_009_003_002,政策法规_《民用中小型无人驾驶航空器操控员训练机构规范》.txt,121,92,2026-06-06 07:24:48
doc_0fe871347112,regulation,regulation:uas_training_org_spec:clause_010,政策法规_《民用中小型无人驾驶航空器操控员训练机构规范》.txt,122,9,2026-06-06 07:24:48
doc_0fe871347112,regulation,regulation:uas_training_org_spec:clause_010_001,政策法规_《民用中小型无人驾驶航空器操控员训练机构规范》.txt,123,11,2026-06-06 07:24:48
doc_0fe871347112,regulation,regulation:uas_training_org_spec:clause_010_001_001,政策法规_《民用中小型无人驾驶航空器操控员训练机构规范》.txt,124,786,2026-06-06 07:24:48
doc_0fe871347112,regulation,regulation:uas_training_org_spec:clause_010_001_002,政策法规_《民用中小型无人驾驶航空器操控员训练机构规范》.txt,125,230,2026-06-06 07:24:48
doc_0fe871347112,regulation,regulation:uas_training_org_spec:clause_010_002,政策法规_《民用中小型无人驾驶航空器操控员训练机构规范》.txt,126,13,2026-06-06 07:24:48
doc_0fe871347112,regulation,regulation:uas_training_org_spec:clause_010_002_001,政策法规_《民用中小型无人驾驶航空器操控员训练机构规范》.txt,127,61,2026-06-06 07:24:48
doc_0fe871347112,regulation,regulation:uas_training_org_spec:clause_010_002_002,政策法规_《民用中小型无人驾驶航空器操控员训练机构规范》.txt,128,130,2026-06-06 07:24:48
doc_0fe871347112,regulation,regulation:uas_training_org_spec:clause_010_003,政策法规_《民用中小型无人驾驶航空器操控员训练机构规范》.txt,129,11,2026-06-06 07:24:48
doc_0fe871347112,regulation,regulation:uas_training_org_spec:clause_010_003_001,政策法规_《民用中小型无人驾驶航空器操控员训练机构规范》.txt,130,22,2026-06-06 07:24:48
doc_0fe871347112,regulation,regulation:uas_training_org_spec:clause_010_003_002,政策法规_《民用中小型无人驾驶航空器操控员训练机构规范》.txt,131,39,2026-06-06 07:24:48
doc_0fe871347112,regulation,regulation:uas_training_org_spec:clause_010_003_003,政策法规_《民用中小型无人驾驶航空器操控员训练机构规范》.txt,132,116,2026-06-06 07:24:48
doc_0fe871347112,regulation,regulation:uas_training_org_spec:clause_010_004,政策法规_《民用中小型无人驾驶航空器操控员训练机构规范》.txt,133,15,2026-06-06 07:24:48
doc_0fe871347112,regulation,regulation:uas_training_org_spec:clause_010_004_001,政策法规_《民用中小型无人驾驶航空器操控员训练机构规范》.txt,134,28,2026-06-06 07:24:48
doc_0fe871347112,regulation,regulation:uas_training_org_spec:clause_010_004_002,政策法规_《民用中小型无人驾驶航空器操控员训练机构规范》.txt,135,32,2026-06-06 07:24:48
doc_0fe871347112,regulation,regulation:uas_training_org_spec:clause_010_004_003,政策法规_《民用中小型无人驾驶航空器操控员训练机构规范》.txt,136,47,2026-06-06 07:24:48
doc_0fe871347112,regulation,regulation:uas_training_org_spec:clause_010_005,政策法规_《民用中小型无人驾驶航空器操控员训练机构规范》.txt,137,15,2026-06-06 07:24:48
doc_0fe871347112,regulation,regulation:uas_training_org_spec:clause_010_005_001,政策法规_《民用中小型无人驾驶航空器操控员训练机构规范》.txt,138,40,2026-06-06 07:24:48
doc_0fe871347112,regulation,regulation:uas_training_org_spec:clause_010_005_002,政策法规_《民用中小型无人驾驶航空器操控员训练机构规范》.txt,139,47,2026-06-06 07:24:48
doc_0fe871347112,regulation,regulation:uas_training_org_spec:clause_010_005_003,政策法规_《民用中小型无人驾驶航空器操控员训练机构规范》.txt,140,32,2026-06-06 07:24:48
doc_0fe871347112,regulation,regulation:uas_training_org_spec:clause_011,政策法规_《民用中小型无人驾驶航空器操控员训练机构规范》.txt,141,9,2026-06-06 07:24:48
doc_0fe871347112,regulation,regulation:uas_training_org_spec:clause_011_001,政策法规_《民用中小型无人驾驶航空器操控员训练机构规范》.txt,142,11,2026-06-06 07:24:48
doc_0fe871347112,regulation,regulation:uas_training_org_spec:clause_011_001_001,政策法规_《民用中小型无人驾驶航空器操控员训练机构规范》.txt,143,55,2026-06-06 07:24:48
doc_0fe871347112,regulation,regulation:uas_training_org_spec:clause_011_001_002,政策法规_《民用中小型无人驾驶航空器操控员训练机构规范》.txt,144,41,2026-06-06 07:24:48
doc_0fe871347112,regulation,regulation:uas_training_org_spec:clause_011_001_003,政策法规_《民用中小型无人驾驶航空器操控员训练机构规范》.txt,145,26,2026-06-06 07:24:48
doc_0fe871347112,regulation,regulation:uas_training_org_spec:clause_011_001_004,政策法规_《民用中小型无人驾驶航空器操控员训练机构规范》.txt,146,22,2026-06-06 07:24:48
doc_0fe871347112,regulation,regulation:uas_training_org_spec:clause_011_001_005,政策法规_《民用中小型无人驾驶航空器操控员训练机构规范》.txt,147,31,2026-06-06 07:24:48
doc_0fe871347112,regulation,regulation:uas_training_org_spec:clause_011_002,政策法规_《民用中小型无人驾驶航空器操控员训练机构规范》.txt,148,81,2026-06-06 07:24:48
doc_0fe871347112,regulation,regulation:uas_training_org_spec:clause_012,政策法规_《民用中小型无人驾驶航空器操控员训练机构规范》.txt,149,11,2026-06-06 07:24:48
doc_0fe871347112,regulation,regulation:uas_training_org_spec:clause_012_001,政策法规_《民用中小型无人驾驶航空器操控员训练机构规范》.txt,150,9,2026-06-06 07:24:48
doc_0fe871347112,regulation,regulation:uas_training_org_spec:clause_012_001_001,政策法规_《民用中小型无人驾驶航空器操控员训练机构规范》.txt,151,31,2026-06-06 07:24:48
doc_0fe871347112,regulation,regulation:uas_training_org_spec:clause_012_001_002,政策法规_《民用中小型无人驾驶航空器操控员训练机构规范》.txt,152,66,2026-06-06 07:24:48
doc_0fe871347112,regulation,regulation:uas_training_org_spec:clause_012_001_003,政策法规_《民用中小型无人驾驶航空器操控员训练机构规范》.txt,153,27,2026-06-06 07:24:48
doc_0fe871347112,regulation,regulation:uas_training_org_spec:clause_012_001_004,政策法规_《民用中小型无人驾驶航空器操控员训练机构规范》.txt,154,34,2026-06-06 07:24:48
doc_0fe871347112,regulation,regulation:uas_training_org_spec:clause_012_001_005,政策法规_《民用中小型无人驾驶航空器操控员训练机构规范》.txt,155,15,2026-06-06 07:24:48
doc_0fe871347112,regulation,regulation:uas_training_org_spec:clause_012_001_006,政策法规_《民用中小型无人驾驶航空器操控员训练机构规范》.txt,156,19,2026-06-06 07:24:48
doc_0fe871347112,regulation,regulation:uas_training_org_spec:clause_012_001_007,政策法规_《民用中小型无人驾驶航空器操控员训练机构规范》.txt,157,57,2026-06-06 07:24:48
doc_0fe871347112,regulation,regulation:uas_training_org_spec:clause_012_001_008,政策法规_《民用中小型无人驾驶航空器操控员训练机构规范》.txt,158,38,2026-06-06 07:24:48
doc_0fe871347112,regulation,regulation:uas_training_org_spec:clause_012_002,政策法规_《民用中小型无人驾驶航空器操控员训练机构规范》.txt,159,86,2026-06-06 07:24:48
doc_0fe871347112,regulation,regulation:uas_training_org_spec:clause_013,政策法规_《民用中小型无人驾驶航空器操控员训练机构规范》.txt,160,9,2026-06-06 07:24:48
doc_0fe871347112,regulation,regulation:uas_training_org_spec:clause_013_001,政策法规_《民用中小型无人驾驶航空器操控员训练机构规范》.txt,161,151,2026-06-06 07:24:48
doc_0fe871347112,regulation,regulation:uas_training_org_spec:clause_013_002,政策法规_《民用中小型无人驾驶航空器操控员训练机构规范》.txt,162,45,2026-06-06 07:24:48
doc_0fe871347112,regulation,regulation:uas_training_org_spec:clause_013_003,政策法规_《民用中小型无人驾驶航空器操控员训练机构规范》.txt,163,89,2026-06-06 07:24:48
doc_0fe871347112,regulation,regulation:uas_training_org_spec:clause_013_004,政策法规_《民用中小型无人驾驶航空器操控员训练机构规范》.txt,164,32,2026-06-06 07:24:48
doc_0fe871347112,regulation,regulation:uas_training_org_spec:clause_014,政策法规_《民用中小型无人驾驶航空器操控员训练机构规范》.txt,165,11,2026-06-06 07:24:48
doc_0fe871347112,regulation,regulation:uas_training_org_spec:clause_014_001,政策法规_《民用中小型无人驾驶航空器操控员训练机构规范》.txt,166,394,2026-06-06 07:24:48
doc_0fe871347112,regulation,regulation:uas_training_org_spec:clause_014_002,政策法规_《民用中小型无人驾驶航空器操控员训练机构规范》.txt,167,11,2026-06-06 07:24:48
doc_0fe871347112,regulation,regulation:uas_training_org_spec:clause_014_002_001,政策法规_《民用中小型无人驾驶航空器操控员训练机构规范》.txt,168,51,2026-06-06 07:24:48
doc_0fe871347112,regulation,regulation:uas_training_org_spec:clause_014_002_002,政策法规_《民用中小型无人驾驶航空器操控员训练机构规范》.txt,169,62,2026-06-06 07:24:48
doc_0fe871347112,regulation,regulation:uas_training_org_spec:clause_014_002_003,政策法规_《民用中小型无人驾驶航空器操控员训练机构规范》.txt,170,58,2026-06-06 07:24:48
doc_0fe871347112,regulation,regulation:uas_training_org_spec:clause_014_002_004,政策法规_《民用中小型无人驾驶航空器操控员训练机构规范》.txt,171,62,2026-06-06 07:24:48
doc_0fe871347112,regulation,regulation:uas_training_org_spec:clause_014_002_005,政策法规_《民用中小型无人驾驶航空器操控员训练机构规范》.txt,172,71,2026-06-06 07:24:48
doc_0fe871347112,regulation,regulation:uas_training_org_spec:clause_014_002_006,政策法规_《民用中小型无人驾驶航空器操控员训练机构规范》.txt,173,233,2026-06-06 07:24:48
doc_212df9f0bf68,regulation,regulation:cn_civil_aviation_law_2025:preface_000:710503570a,政策法规_中华人民共和国民用航空法_2025修订_2026-07-01施行.txt,0,991,2026-06-06 07:24:48
doc_212df9f0bf68,regulation,regulation:cn_civil_aviation_law_2025:preface_001:b0a9b66391,政策法规_中华人民共和国民用航空法_2025修订_2026-07-01施行.txt,1,147,2026-06-06 07:24:48
doc_212df9f0bf68,regulation,regulation:cn_civil_aviation_law_2025:art_001,政策法规_中华人民共和国民用航空法_2025修订_2026-07-01施行.txt,2,77,2026-06-06 07:24:48
doc_212df9f0bf68,regulation,regulation:cn_civil_aviation_law_2025:art_002,政策法规_中华人民共和国民用航空法_2025修订_2026-07-01施行.txt,3,55,2026-06-06 07:24:48
doc_212df9f0bf68,regulation,regulation:cn_civil_aviation_law_2025:art_003,政策法规_中华人民共和国民用航空法_2025修订_2026-07-01施行.txt,4,66,2026-06-06 07:24:48
doc_212df9f0bf68,regulation,regulation:cn_civil_aviation_law_2025:art_004,政策法规_中华人民共和国民用航空法_2025修订_2026-07-01施行.txt,5,137,2026-06-06 07:24:48
doc_212df9f0bf68,regulation,regulation:cn_civil_aviation_law_2025:art_005,政策法规_中华人民共和国民用航空法_2025修订_2026-07-01施行.txt,6,58,2026-06-06 07:24:48
doc_212df9f0bf68,regulation,regulation:cn_civil_aviation_law_2025:art_006,政策法规_中华人民共和国民用航空法_2025修订_2026-07-01施行.txt,7,100,2026-06-06 07:24:48
doc_212df9f0bf68,regulation,regulation:cn_civil_aviation_law_2025:art_007,政策法规_中华人民共和国民用航空法_2025修订_2026-07-01施行.txt,8,93,2026-06-06 07:24:48
doc_212df9f0bf68,regulation,regulation:cn_civil_aviation_law_2025:art_008,政策法规_中华人民共和国民用航空法_2025修订_2026-07-01施行.txt,9,52,2026-06-06 07:24:48
doc_212df9f0bf68,regulation,regulation:cn_civil_aviation_law_2025:art_009,政策法规_中华人民共和国民用航空法_2025修订_2026-07-01施行.txt,10,106,2026-06-06 07:24:48
doc_212df9f0bf68,regulation,regulation:cn_civil_aviation_law_2025:art_010,政策法规_中华人民共和国民用航空法_2025修订_2026-07-01施行.txt,11,54,2026-06-06 07:24:48
doc_212df9f0bf68,regulation,regulation:cn_civil_aviation_law_2025:art_011,政策法规_中华人民共和国民用航空法_2025修订_2026-07-01施行.txt,12,45,2026-06-06 07:24:48
doc_212df9f0bf68,regulation,regulation:cn_civil_aviation_law_2025:art_012,政策法规_中华人民共和国民用航空法_2025修订_2026-07-01施行.txt,13,114,2026-06-06 07:24:48
doc_212df9f0bf68,regulation,regulation:cn_civil_aviation_law_2025:art_013,政策法规_中华人民共和国民用航空法_2025修订_2026-07-01施行.txt,14,49,2026-06-06 07:24:48
doc_212df9f0bf68,regulation,regulation:cn_civil_aviation_law_2025:art_014,政策法规_中华人民共和国民用航空法_2025修订_2026-07-01施行.txt,15,231,2026-06-06 07:24:48
doc_212df9f0bf68,regulation,regulation:cn_civil_aviation_law_2025:art_015,政策法规_中华人民共和国民用航空法_2025修订_2026-07-01施行.txt,16,84,2026-06-06 07:24:48
doc_212df9f0bf68,regulation,regulation:cn_civil_aviation_law_2025:art_016,政策法规_中华人民共和国民用航空法_2025修订_2026-07-01施行.txt,17,82,2026-06-06 07:24:48
doc_212df9f0bf68,regulation,regulation:cn_civil_aviation_law_2025:art_017,政策法规_中华人民共和国民用航空法_2025修订_2026-07-01施行.txt,18,208,2026-06-06 07:24:48
doc_212df9f0bf68,regulation,regulation:cn_civil_aviation_law_2025:art_018,政策法规_中华人民共和国民用航空法_2025修订_2026-07-01施行.txt,19,85,2026-06-06 07:24:48
doc_212df9f0bf68,regulation,regulation:cn_civil_aviation_law_2025:art_019,政策法规_中华人民共和国民用航空法_2025修订_2026-07-01施行.txt,20,76,2026-06-06 07:24:48
doc_212df9f0bf68,regulation,regulation:cn_civil_aviation_law_2025:art_020,政策法规_中华人民共和国民用航空法_2025修订_2026-07-01施行.txt,21,124,2026-06-06 07:24:48
doc_212df9f0bf68,regulation,regulation:cn_civil_aviation_law_2025:art_021,政策法规_中华人民共和国民用航空法_2025修订_2026-07-01施行.txt,22,123,2026-06-06 07:24:48
doc_212df9f0bf68,regulation,regulation:cn_civil_aviation_law_2025:art_022,政策法规_中华人民共和国民用航空法_2025修订_2026-07-01施行.txt,23,38,2026-06-06 07:24:48
doc_212df9f0bf68,regulation,regulation:cn_civil_aviation_law_2025:art_023,政策法规_中华人民共和国民用航空法_2025修订_2026-07-01施行.txt,24,166,2026-06-06 07:24:48
doc_212df9f0bf68,regulation,regulation:cn_civil_aviation_law_2025:art_024,政策法规_中华人民共和国民用航空法_2025修订_2026-07-01施行.txt,25,69,2026-06-06 07:24:48
doc_212df9f0bf68,regulation,regulation:cn_civil_aviation_law_2025:art_025,政策法规_中华人民共和国民用航空法_2025修订_2026-07-01施行.txt,26,156,2026-06-06 07:24:48
doc_212df9f0bf68,regulation,regulation:cn_civil_aviation_law_2025:art_026,政策法规_中华人民共和国民用航空法_2025修订_2026-07-01施行.txt,27,225,2026-06-06 07:24:48
doc_212df9f0bf68,regulation,regulation:cn_civil_aviation_law_2025:art_027,政策法规_中华人民共和国民用航空法_2025修订_2026-07-01施行.txt,28,356,2026-06-06 07:24:48
doc_212df9f0bf68,regulation,regulation:cn_civil_aviation_law_2025:art_028,政策法规_中华人民共和国民用航空法_2025修订_2026-07-01施行.txt,29,142,2026-06-06 07:24:48
doc_212df9f0bf68,regulation,regulation:cn_civil_aviation_law_2025:art_029,政策法规_中华人民共和国民用航空法_2025修订_2026-07-01施行.txt,30,125,2026-06-06 07:24:48
doc_212df9f0bf68,regulation,regulation:cn_civil_aviation_law_2025:art_030,政策法规_中华人民共和国民用航空法_2025修订_2026-07-01施行.txt,31,54,2026-06-06 07:24:48
doc_212df9f0bf68,regulation,regulation:cn_civil_aviation_law_2025:art_031,政策法规_中华人民共和国民用航空法_2025修订_2026-07-01施行.txt,32,248,2026-06-06 07:24:48
doc_212df9f0bf68,regulation,regulation:cn_civil_aviation_law_2025:art_032,政策法规_中华人民共和国民用航空法_2025修订_2026-07-01施行.txt,33,66,2026-06-06 07:24:48
doc_212df9f0bf68,regulation,regulation:cn_civil_aviation_law_2025:art_033,政策法规_中华人民共和国民用航空法_2025修订_2026-07-01施行.txt,34,123,2026-06-06 07:24:48
doc_212df9f0bf68,regulation,regulation:cn_civil_aviation_law_2025:art_034,政策法规_中华人民共和国民用航空法_2025修订_2026-07-01施行.txt,35,131,2026-06-06 07:24:48
doc_212df9f0bf68,regulation,regulation:cn_civil_aviation_law_2025:art_035,政策法规_中华人民共和国民用航空法_2025修订_2026-07-01施行.txt,36,37,2026-06-06 07:24:48
doc_212df9f0bf68,regulation,regulation:cn_civil_aviation_law_2025:art_036,政策法规_中华人民共和国民用航空法_2025修订_2026-07-01施行.txt,37,124,2026-06-06 07:24:48
doc_212df9f0bf68,regulation,regulation:cn_civil_aviation_law_2025:art_037,政策法规_中华人民共和国民用航空法_2025修订_2026-07-01施行.txt,38,175,2026-06-06 07:24:48
doc_212df9f0bf68,regulation,regulation:cn_civil_aviation_law_2025:art_038,政策法规_中华人民共和国民用航空法_2025修订_2026-07-01施行.txt,39,86,2026-06-06 07:24:48
doc_212df9f0bf68,regulation,regulation:cn_civil_aviation_law_2025:art_039,政策法规_中华人民共和国民用航空法_2025修订_2026-07-01施行.txt,40,128,2026-06-06 07:24:48
doc_212df9f0bf68,regulation,regulation:cn_civil_aviation_law_2025:art_040,政策法规_中华人民共和国民用航空法_2025修订_2026-07-01施行.txt,41,86,2026-06-06 07:24:48
doc_212df9f0bf68,regulation,regulation:cn_civil_aviation_law_2025:art_041,政策法规_中华人民共和国民用航空法_2025修订_2026-07-01施行.txt,42,84,2026-06-06 07:24:48
doc_212df9f0bf68,regulation,regulation:cn_civil_aviation_law_2025:art_042,政策法规_中华人民共和国民用航空法_2025修订_2026-07-01施行.txt,43,89,2026-06-06 07:24:48
doc_212df9f0bf68,regulation,regulation:cn_civil_aviation_law_2025:art_043,政策法规_中华人民共和国民用航空法_2025修订_2026-07-01施行.txt,44,82,2026-06-06 07:24:48
doc_212df9f0bf68,regulation,regulation:cn_civil_aviation_law_2025:art_044,政策法规_中华人民共和国民用航空法_2025修订_2026-07-01施行.txt,45,80,2026-06-06 07:24:48
doc_212df9f0bf68,regulation,regulation:cn_civil_aviation_law_2025:art_045,政策法规_中华人民共和国民用航空法_2025修订_2026-07-01施行.txt,46,161,2026-06-06 07:24:48
doc_212df9f0bf68,regulation,regulation:cn_civil_aviation_law_2025:art_046,政策法规_中华人民共和国民用航空法_2025修订_2026-07-01施行.txt,47,40,2026-06-06 07:24:48
doc_212df9f0bf68,regulation,regulation:cn_civil_aviation_law_2025:art_047,政策法规_中华人民共和国民用航空法_2025修订_2026-07-01施行.txt,48,134,2026-06-06 07:24:48
doc_212df9f0bf68,regulation,regulation:cn_civil_aviation_law_2025:art_048,政策法规_中华人民共和国民用航空法_2025修订_2026-07-01施行.txt,49,59,2026-06-06 07:24:48
doc_212df9f0bf68,regulation,regulation:cn_civil_aviation_law_2025:art_049,政策法规_中华人民共和国民用航空法_2025修订_2026-07-01施行.txt,50,77,2026-06-06 07:24:48
doc_212df9f0bf68,regulation,regulation:cn_civil_aviation_law_2025:art_050,政策法规_中华人民共和国民用航空法_2025修订_2026-07-01施行.txt,51,72,2026-06-06 07:24:48
doc_212df9f0bf68,regulation,regulation:cn_civil_aviation_law_2025:art_051,政策法规_中华人民共和国民用航空法_2025修订_2026-07-01施行.txt,52,48,2026-06-06 07:24:48
doc_212df9f0bf68,regulation,regulation:cn_civil_aviation_law_2025:art_052,政策法规_中华人民共和国民用航空法_2025修订_2026-07-01施行.txt,53,161,2026-06-06 07:24:48
doc_212df9f0bf68,regulation,regulation:cn_civil_aviation_law_2025:art_053,政策法规_中华人民共和国民用航空法_2025修订_2026-07-01施行.txt,54,71,2026-06-06 07:24:48
doc_212df9f0bf68,regulation,regulation:cn_civil_aviation_law_2025:art_054,政策法规_中华人民共和国民用航空法_2025修订_2026-07-01施行.txt,55,116,2026-06-06 07:24:48
doc_212df9f0bf68,regulation,regulation:cn_civil_aviation_law_2025:art_055,政策法规_中华人民共和国民用航空法_2025修订_2026-07-01施行.txt,56,83,2026-06-06 07:24:48
doc_212df9f0bf68,regulation,regulation:cn_civil_aviation_law_2025:art_056,政策法规_中华人民共和国民用航空法_2025修订_2026-07-01施行.txt,57,318,2026-06-06 07:24:48
doc_212df9f0bf68,regulation,regulation:cn_civil_aviation_law_2025:art_057,政策法规_中华人民共和国民用航空法_2025修订_2026-07-01施行.txt,58,290,2026-06-06 07:24:48
doc_212df9f0bf68,regulation,regulation:cn_civil_aviation_law_2025:art_058,政策法规_中华人民共和国民用航空法_2025修订_2026-07-01施行.txt,59,178,2026-06-06 07:24:48
doc_212df9f0bf68,regulation,regulation:cn_civil_aviation_law_2025:art_059,政策法规_中华人民共和国民用航空法_2025修订_2026-07-01施行.txt,60,231,2026-06-06 07:24:48
doc_212df9f0bf68,regulation,regulation:cn_civil_aviation_law_2025:art_060,政策法规_中华人民共和国民用航空法_2025修订_2026-07-01施行.txt,61,67,2026-06-06 07:24:48
doc_212df9f0bf68,regulation,regulation:cn_civil_aviation_law_2025:art_061,政策法规_中华人民共和国民用航空法_2025修订_2026-07-01施行.txt,62,118,2026-06-06 07:24:48
doc_212df9f0bf68,regulation,regulation:cn_civil_aviation_law_2025:art_062,政策法规_中华人民共和国民用航空法_2025修订_2026-07-01施行.txt,63,71,2026-06-06 07:24:48
doc_212df9f0bf68,regulation,regulation:cn_civil_aviation_law_2025:art_063,政策法规_中华人民共和国民用航空法_2025修订_2026-07-01施行.txt,64,64,2026-06-06 07:24:48
doc_212df9f0bf68,regulation,regulation:cn_civil_aviation_law_2025:art_064,政策法规_中华人民共和国民用航空法_2025修订_2026-07-01施行.txt,65,36,2026-06-06 07:24:48
doc_212df9f0bf68,regulation,regulation:cn_civil_aviation_law_2025:art_065,政策法规_中华人民共和国民用航空法_2025修订_2026-07-01施行.txt,66,158,2026-06-06 07:24:48
doc_212df9f0bf68,regulation,regulation:cn_civil_aviation_law_2025:art_066,政策法规_中华人民共和国民用航空法_2025修订_2026-07-01施行.txt,67,99,2026-06-06 07:24:48
doc_212df9f0bf68,regulation,regulation:cn_civil_aviation_law_2025:art_067,政策法规_中华人民共和国民用航空法_2025修订_2026-07-01施行.txt,68,31,2026-06-06 07:24:48
doc_212df9f0bf68,regulation,regulation:cn_civil_aviation_law_2025:art_068,政策法规_中华人民共和国民用航空法_2025修订_2026-07-01施行.txt,69,179,2026-06-06 07:24:48
doc_212df9f0bf68,regulation,regulation:cn_civil_aviation_law_2025:art_069,政策法规_中华人民共和国民用航空法_2025修订_2026-07-01施行.txt,70,53,2026-06-06 07:24:48
doc_212df9f0bf68,regulation,regulation:cn_civil_aviation_law_2025:art_070,政策法规_中华人民共和国民用航空法_2025修订_2026-07-01施行.txt,71,83,2026-06-06 07:24:48
doc_212df9f0bf68,regulation,regulation:cn_civil_aviation_law_2025:art_071,政策法规_中华人民共和国民用航空法_2025修订_2026-07-01施行.txt,72,188,2026-06-06 07:24:48
doc_212df9f0bf68,regulation,regulation:cn_civil_aviation_law_2025:art_072,政策法规_中华人民共和国民用航空法_2025修订_2026-07-01施行.txt,73,81,2026-06-06 07:24:48
doc_212df9f0bf68,regulation,regulation:cn_civil_aviation_law_2025:art_073,政策法规_中华人民共和国民用航空法_2025修订_2026-07-01施行.txt,74,53,2026-06-06 07:24:48
doc_212df9f0bf68,regulation,regulation:cn_civil_aviation_law_2025:art_074,政策法规_中华人民共和国民用航空法_2025修订_2026-07-01施行.txt,75,59,2026-06-06 07:24:48
doc_212df9f0bf68,regulation,regulation:cn_civil_aviation_law_2025:art_075,政策法规_中华人民共和国民用航空法_2025修订_2026-07-01施行.txt,76,36,2026-06-06 07:24:48
doc_212df9f0bf68,regulation,regulation:cn_civil_aviation_law_2025:art_076,政策法规_中华人民共和国民用航空法_2025修订_2026-07-01施行.txt,77,47,2026-06-06 07:24:48
doc_212df9f0bf68,regulation,regulation:cn_civil_aviation_law_2025:art_077,政策法规_中华人民共和国民用航空法_2025修订_2026-07-01施行.txt,78,46,2026-06-06 07:24:48
doc_212df9f0bf68,regulation,regulation:cn_civil_aviation_law_2025:art_078,政策法规_中华人民共和国民用航空法_2025修订_2026-07-01施行.txt,79,275,2026-06-06 07:24:48
doc_212df9f0bf68,regulation,regulation:cn_civil_aviation_law_2025:art_079,政策法规_中华人民共和国民用航空法_2025修订_2026-07-01施行.txt,80,111,2026-06-06 07:24:48
doc_212df9f0bf68,regulation,regulation:cn_civil_aviation_law_2025:art_080,政策法规_中华人民共和国民用航空法_2025修订_2026-07-01施行.txt,81,127,2026-06-06 07:24:48
doc_212df9f0bf68,regulation,regulation:cn_civil_aviation_law_2025:art_081,政策法规_中华人民共和国民用航空法_2025修订_2026-07-01施行.txt,82,97,2026-06-06 07:24:48
doc_212df9f0bf68,regulation,regulation:cn_civil_aviation_law_2025:art_082,政策法规_中华人民共和国民用航空法_2025修订_2026-07-01施行.txt,83,86,2026-06-06 07:24:48
doc_212df9f0bf68,regulation,regulation:cn_civil_aviation_law_2025:art_083,政策法规_中华人民共和国民用航空法_2025修订_2026-07-01施行.txt,84,119,2026-06-06 07:24:48
doc_212df9f0bf68,regulation,regulation:cn_civil_aviation_law_2025:art_084,政策法规_中华人民共和国民用航空法_2025修订_2026-07-01施行.txt,85,79,2026-06-06 07:24:48
doc_212df9f0bf68,regulation,regulation:cn_civil_aviation_law_2025:art_085,政策法规_中华人民共和国民用航空法_2025修订_2026-07-01施行.txt,86,92,2026-06-06 07:24:48
doc_212df9f0bf68,regulation,regulation:cn_civil_aviation_law_2025:art_086,政策法规_中华人民共和国民用航空法_2025修订_2026-07-01施行.txt,87,191,2026-06-06 07:24:48
doc_212df9f0bf68,regulation,regulation:cn_civil_aviation_law_2025:art_087,政策法规_中华人民共和国民用航空法_2025修订_2026-07-01施行.txt,88,54,2026-06-06 07:24:48
doc_212df9f0bf68,regulation,regulation:cn_civil_aviation_law_2025:art_088,政策法规_中华人民共和国民用航空法_2025修订_2026-07-01施行.txt,89,88,2026-06-06 07:24:48
doc_212df9f0bf68,regulation,regulation:cn_civil_aviation_law_2025:art_089,政策法规_中华人民共和国民用航空法_2025修订_2026-07-01施行.txt,90,74,2026-06-06 07:24:48
doc_212df9f0bf68,regulation,regulation:cn_civil_aviation_law_2025:art_090,政策法规_中华人民共和国民用航空法_2025修订_2026-07-01施行.txt,91,236,2026-06-06 07:24:48
doc_212df9f0bf68,regulation,regulation:cn_civil_aviation_law_2025:art_091,政策法规_中华人民共和国民用航空法_2025修订_2026-07-01施行.txt,92,72,2026-06-06 07:24:48
doc_212df9f0bf68,regulation,regulation:cn_civil_aviation_law_2025:art_092,政策法规_中华人民共和国民用航空法_2025修订_2026-07-01施行.txt,93,117,2026-06-06 07:24:48
doc_212df9f0bf68,regulation,regulation:cn_civil_aviation_law_2025:art_093,政策法规_中华人民共和国民用航空法_2025修订_2026-07-01施行.txt,94,77,2026-06-06 07:24:48
doc_212df9f0bf68,regulation,regulation:cn_civil_aviation_law_2025:art_094,政策法规_中华人民共和国民用航空法_2025修订_2026-07-01施行.txt,95,49,2026-06-06 07:24:48
doc_212df9f0bf68,regulation,regulation:cn_civil_aviation_law_2025:art_095,政策法规_中华人民共和国民用航空法_2025修订_2026-07-01施行.txt,96,244,2026-06-06 07:24:48
doc_212df9f0bf68,regulation,regulation:cn_civil_aviation_law_2025:art_096,政策法规_中华人民共和国民用航空法_2025修订_2026-07-01施行.txt,97,66,2026-06-06 07:24:48
doc_212df9f0bf68,regulation,regulation:cn_civil_aviation_law_2025:art_097,政策法规_中华人民共和国民用航空法_2025修订_2026-07-01施行.txt,98,61,2026-06-06 07:24:48
doc_212df9f0bf68,regulation,regulation:cn_civil_aviation_law_2025:art_098,政策法规_中华人民共和国民用航空法_2025修订_2026-07-01施行.txt,99,65,2026-06-06 07:24:48
doc_212df9f0bf68,regulation,regulation:cn_civil_aviation_law_2025:art_099,政策法规_中华人民共和国民用航空法_2025修订_2026-07-01施行.txt,100,100,2026-06-06 07:24:48
doc_212df9f0bf68,regulation,regulation:cn_civil_aviation_law_2025:art_100,政策法规_中华人民共和国民用航空法_2025修订_2026-07-01施行.txt,101,150,2026-06-06 07:24:48
doc_212df9f0bf68,regulation,regulation:cn_civil_aviation_law_2025:art_101,政策法规_中华人民共和国民用航空法_2025修订_2026-07-01施行.txt,102,90,2026-06-06 07:24:48
doc_212df9f0bf68,regulation,regulation:cn_civil_aviation_law_2025:art_102,政策法规_中华人民共和国民用航空法_2025修订_2026-07-01施行.txt,103,56,2026-06-06 07:24:48
doc_212df9f0bf68,regulation,regulation:cn_civil_aviation_law_2025:art_103,政策法规_中华人民共和国民用航空法_2025修订_2026-07-01施行.txt,104,247,2026-06-06 07:24:48
doc_212df9f0bf68,regulation,regulation:cn_civil_aviation_law_2025:art_104,政策法规_中华人民共和国民用航空法_2025修订_2026-07-01施行.txt,105,185,2026-06-06 07:24:48
doc_212df9f0bf68,regulation,regulation:cn_civil_aviation_law_2025:art_105,政策法规_中华人民共和国民用航空法_2025修订_2026-07-01施行.txt,106,117,2026-06-06 07:24:48
doc_212df9f0bf68,regulation,regulation:cn_civil_aviation_law_2025:art_106,政策法规_中华人民共和国民用航空法_2025修订_2026-07-01施行.txt,107,93,2026-06-06 07:24:48
doc_212df9f0bf68,regulation,regulation:cn_civil_aviation_law_2025:art_107,政策法规_中华人民共和国民用航空法_2025修订_2026-07-01施行.txt,108,155,2026-06-06 07:24:48
doc_212df9f0bf68,regulation,regulation:cn_civil_aviation_law_2025:art_108,政策法规_中华人民共和国民用航空法_2025修订_2026-07-01施行.txt,109,55,2026-06-06 07:24:48
doc_212df9f0bf68,regulation,regulation:cn_civil_aviation_law_2025:art_109,政策法规_中华人民共和国民用航空法_2025修订_2026-07-01施行.txt,110,73,2026-06-06 07:24:48
doc_212df9f0bf68,regulation,regulation:cn_civil_aviation_law_2025:art_110,政策法规_中华人民共和国民用航空法_2025修订_2026-07-01施行.txt,111,75,2026-06-06 07:24:48
doc_212df9f0bf68,regulation,regulation:cn_civil_aviation_law_2025:art_111,政策法规_中华人民共和国民用航空法_2025修订_2026-07-01施行.txt,112,108,2026-06-06 07:24:48
doc_212df9f0bf68,regulation,regulation:cn_civil_aviation_law_2025:art_112,政策法规_中华人民共和国民用航空法_2025修订_2026-07-01施行.txt,113,128,2026-06-06 07:24:48
doc_212df9f0bf68,regulation,regulation:cn_civil_aviation_law_2025:art_113,政策法规_中华人民共和国民用航空法_2025修订_2026-07-01施行.txt,114,39,2026-06-06 07:24:48
doc_212df9f0bf68,regulation,regulation:cn_civil_aviation_law_2025:art_114,政策法规_中华人民共和国民用航空法_2025修订_2026-07-01施行.txt,115,78,2026-06-06 07:24:48
doc_212df9f0bf68,regulation,regulation:cn_civil_aviation_law_2025:art_115,政策法规_中华人民共和国民用航空法_2025修订_2026-07-01施行.txt,116,65,2026-06-06 07:24:48
doc_212df9f0bf68,regulation,regulation:cn_civil_aviation_law_2025:art_116,政策法规_中华人民共和国民用航空法_2025修订_2026-07-01施行.txt,117,73,2026-06-06 07:24:48
doc_212df9f0bf68,regulation,regulation:cn_civil_aviation_law_2025:art_117,政策法规_中华人民共和国民用航空法_2025修订_2026-07-01施行.txt,118,205,2026-06-06 07:24:48
doc_212df9f0bf68,regulation,regulation:cn_civil_aviation_law_2025:art_118,政策法规_中华人民共和国民用航空法_2025修订_2026-07-01施行.txt,119,79,2026-06-06 07:24:48
doc_212df9f0bf68,regulation,regulation:cn_civil_aviation_law_2025:art_119,政策法规_中华人民共和国民用航空法_2025修订_2026-07-01施行.txt,120,75,2026-06-06 07:24:48
doc_212df9f0bf68,regulation,regulation:cn_civil_aviation_law_2025:art_120,政策法规_中华人民共和国民用航空法_2025修订_2026-07-01施行.txt,121,76,2026-06-06 07:24:48
doc_212df9f0bf68,regulation,regulation:cn_civil_aviation_law_2025:art_121,政策法规_中华人民共和国民用航空法_2025修订_2026-07-01施行.txt,122,171,2026-06-06 07:24:48
doc_212df9f0bf68,regulation,regulation:cn_civil_aviation_law_2025:art_122,政策法规_中华人民共和国民用航空法_2025修订_2026-07-01施行.txt,123,164,2026-06-06 07:24:48
doc_212df9f0bf68,regulation,regulation:cn_civil_aviation_law_2025:art_123,政策法规_中华人民共和国民用航空法_2025修订_2026-07-01施行.txt,124,342,2026-06-06 07:24:48
doc_212df9f0bf68,regulation,regulation:cn_civil_aviation_law_2025:art_124,政策法规_中华人民共和国民用航空法_2025修订_2026-07-01施行.txt,125,247,2026-06-06 07:24:48
doc_212df9f0bf68,regulation,regulation:cn_civil_aviation_law_2025:art_125,政策法规_中华人民共和国民用航空法_2025修订_2026-07-01施行.txt,126,128,2026-06-06 07:24:48
doc_212df9f0bf68,regulation,regulation:cn_civil_aviation_law_2025:art_126,政策法规_中华人民共和国民用航空法_2025修订_2026-07-01施行.txt,127,166,2026-06-06 07:24:48
doc_212df9f0bf68,regulation,regulation:cn_civil_aviation_law_2025:art_127,政策法规_中华人民共和国民用航空法_2025修订_2026-07-01施行.txt,128,124,2026-06-06 07:24:48
doc_212df9f0bf68,regulation,regulation:cn_civil_aviation_law_2025:art_128,政策法规_中华人民共和国民用航空法_2025修订_2026-07-01施行.txt,129,95,2026-06-06 07:24:48
doc_212df9f0bf68,regulation,regulation:cn_civil_aviation_law_2025:art_129,政策法规_中华人民共和国民用航空法_2025修订_2026-07-01施行.txt,130,216,2026-06-06 07:24:48
doc_212df9f0bf68,regulation,regulation:cn_civil_aviation_law_2025:art_130,政策法规_中华人民共和国民用航空法_2025修订_2026-07-01施行.txt,131,236,2026-06-06 07:24:48
doc_212df9f0bf68,regulation,regulation:cn_civil_aviation_law_2025:art_131,政策法规_中华人民共和国民用航空法_2025修订_2026-07-01施行.txt,132,187,2026-06-06 07:24:48
doc_212df9f0bf68,regulation,regulation:cn_civil_aviation_law_2025:art_132,政策法规_中华人民共和国民用航空法_2025修订_2026-07-01施行.txt,133,101,2026-06-06 07:24:48
doc_212df9f0bf68,regulation,regulation:cn_civil_aviation_law_2025:art_133,政策法规_中华人民共和国民用航空法_2025修订_2026-07-01施行.txt,134,250,2026-06-06 07:24:48
doc_212df9f0bf68,regulation,regulation:cn_civil_aviation_law_2025:art_134,政策法规_中华人民共和国民用航空法_2025修订_2026-07-01施行.txt,135,161,2026-06-06 07:24:48
doc_212df9f0bf68,regulation,regulation:cn_civil_aviation_law_2025:art_135,政策法规_中华人民共和国民用航空法_2025修订_2026-07-01施行.txt,136,99,2026-06-06 07:24:48
doc_212df9f0bf68,regulation,regulation:cn_civil_aviation_law_2025:art_136,政策法规_中华人民共和国民用航空法_2025修订_2026-07-01施行.txt,137,53,2026-06-06 07:24:48
doc_212df9f0bf68,regulation,regulation:cn_civil_aviation_law_2025:art_137,政策法规_中华人民共和国民用航空法_2025修订_2026-07-01施行.txt,138,296,2026-06-06 07:24:48
doc_212df9f0bf68,regulation,regulation:cn_civil_aviation_law_2025:art_138,政策法规_中华人民共和国民用航空法_2025修订_2026-07-01施行.txt,139,74,2026-06-06 07:24:48
doc_212df9f0bf68,regulation,regulation:cn_civil_aviation_law_2025:art_139,政策法规_中华人民共和国民用航空法_2025修订_2026-07-01施行.txt,140,208,2026-06-06 07:24:48
doc_212df9f0bf68,regulation,regulation:cn_civil_aviation_law_2025:art_140,政策法规_中华人民共和国民用航空法_2025修订_2026-07-01施行.txt,141,146,2026-06-06 07:24:48
doc_212df9f0bf68,regulation,regulation:cn_civil_aviation_law_2025:art_141,政策法规_中华人民共和国民用航空法_2025修订_2026-07-01施行.txt,142,75,2026-06-06 07:24:48
doc_212df9f0bf68,regulation,regulation:cn_civil_aviation_law_2025:art_142,政策法规_中华人民共和国民用航空法_2025修订_2026-07-01施行.txt,143,282,2026-06-06 07:24:48
doc_212df9f0bf68,regulation,regulation:cn_civil_aviation_law_2025:art_143,政策法规_中华人民共和国民用航空法_2025修订_2026-07-01施行.txt,144,56,2026-06-06 07:24:48
doc_212df9f0bf68,regulation,regulation:cn_civil_aviation_law_2025:art_144,政策法规_中华人民共和国民用航空法_2025修订_2026-07-01施行.txt,145,302,2026-06-06 07:24:48
doc_212df9f0bf68,regulation,regulation:cn_civil_aviation_law_2025:art_145,政策法规_中华人民共和国民用航空法_2025修订_2026-07-01施行.txt,146,144,2026-06-06 07:24:48
doc_212df9f0bf68,regulation,regulation:cn_civil_aviation_law_2025:art_146,政策法规_中华人民共和国民用航空法_2025修订_2026-07-01施行.txt,147,77,2026-06-06 07:24:48
doc_212df9f0bf68,regulation,regulation:cn_civil_aviation_law_2025:art_147,政策法规_中华人民共和国民用航空法_2025修订_2026-07-01施行.txt,148,314,2026-06-06 07:24:48
doc_212df9f0bf68,regulation,regulation:cn_civil_aviation_law_2025:art_148,政策法规_中华人民共和国民用航空法_2025修订_2026-07-01施行.txt,149,91,2026-06-06 07:24:48
doc_212df9f0bf68,regulation,regulation:cn_civil_aviation_law_2025:art_149,政策法规_中华人民共和国民用航空法_2025修订_2026-07-01施行.txt,150,125,2026-06-06 07:24:48
doc_212df9f0bf68,regulation,regulation:cn_civil_aviation_law_2025:art_150,政策法规_中华人民共和国民用航空法_2025修订_2026-07-01施行.txt,151,120,2026-06-06 07:24:48
doc_212df9f0bf68,regulation,regulation:cn_civil_aviation_law_2025:art_151,政策法规_中华人民共和国民用航空法_2025修订_2026-07-01施行.txt,152,123,2026-06-06 07:24:48
doc_212df9f0bf68,regulation,regulation:cn_civil_aviation_law_2025:art_152,政策法规_中华人民共和国民用航空法_2025修订_2026-07-01施行.txt,153,137,2026-06-06 07:24:48
doc_212df9f0bf68,regulation,regulation:cn_civil_aviation_law_2025:art_153,政策法规_中华人民共和国民用航空法_2025修订_2026-07-01施行.txt,154,175,2026-06-06 07:24:48
doc_212df9f0bf68,regulation,regulation:cn_civil_aviation_law_2025:art_154,政策法规_中华人民共和国民用航空法_2025修订_2026-07-01施行.txt,155,203,2026-06-06 07:24:48
doc_212df9f0bf68,regulation,regulation:cn_civil_aviation_law_2025:art_155,政策法规_中华人民共和国民用航空法_2025修订_2026-07-01施行.txt,156,91,2026-06-06 07:24:48
doc_212df9f0bf68,regulation,regulation:cn_civil_aviation_law_2025:art_156,政策法规_中华人民共和国民用航空法_2025修订_2026-07-01施行.txt,157,103,2026-06-06 07:24:48
doc_212df9f0bf68,regulation,regulation:cn_civil_aviation_law_2025:art_157,政策法规_中华人民共和国民用航空法_2025修订_2026-07-01施行.txt,158,40,2026-06-06 07:24:48
doc_212df9f0bf68,regulation,regulation:cn_civil_aviation_law_2025:art_158,政策法规_中华人民共和国民用航空法_2025修订_2026-07-01施行.txt,159,278,2026-06-06 07:24:48
doc_212df9f0bf68,regulation,regulation:cn_civil_aviation_law_2025:art_159,政策法规_中华人民共和国民用航空法_2025修订_2026-07-01施行.txt,160,55,2026-06-06 07:24:48
doc_212df9f0bf68,regulation,regulation:cn_civil_aviation_law_2025:art_160,政策法规_中华人民共和国民用航空法_2025修订_2026-07-01施行.txt,161,66,2026-06-06 07:24:48
doc_212df9f0bf68,regulation,regulation:cn_civil_aviation_law_2025:art_161,政策法规_中华人民共和国民用航空法_2025修订_2026-07-01施行.txt,162,90,2026-06-06 07:24:48
doc_212df9f0bf68,regulation,regulation:cn_civil_aviation_law_2025:art_162,政策法规_中华人民共和国民用航空法_2025修订_2026-07-01施行.txt,163,92,2026-06-06 07:24:48
doc_212df9f0bf68,regulation,regulation:cn_civil_aviation_law_2025:art_163,政策法规_中华人民共和国民用航空法_2025修订_2026-07-01施行.txt,164,159,2026-06-06 07:24:48
doc_212df9f0bf68,regulation,regulation:cn_civil_aviation_law_2025:art_164,政策法规_中华人民共和国民用航空法_2025修订_2026-07-01施行.txt,165,58,2026-06-06 07:24:48
doc_212df9f0bf68,regulation,regulation:cn_civil_aviation_law_2025:art_165,政策法规_中华人民共和国民用航空法_2025修订_2026-07-01施行.txt,166,245,2026-06-06 07:24:48
doc_212df9f0bf68,regulation,regulation:cn_civil_aviation_law_2025:art_166,政策法规_中华人民共和国民用航空法_2025修订_2026-07-01施行.txt,167,68,2026-06-06 07:24:48
doc_212df9f0bf68,regulation,regulation:cn_civil_aviation_law_2025:art_167,政策法规_中华人民共和国民用航空法_2025修订_2026-07-01施行.txt,168,83,2026-06-06 07:24:48
doc_212df9f0bf68,regulation,regulation:cn_civil_aviation_law_2025:art_168,政策法规_中华人民共和国民用航空法_2025修订_2026-07-01施行.txt,169,52,2026-06-06 07:24:48
doc_212df9f0bf68,regulation,regulation:cn_civil_aviation_law_2025:art_169,政策法规_中华人民共和国民用航空法_2025修订_2026-07-01施行.txt,170,56,2026-06-06 07:24:48
doc_212df9f0bf68,regulation,regulation:cn_civil_aviation_law_2025:art_170,政策法规_中华人民共和国民用航空法_2025修订_2026-07-01施行.txt,171,61,2026-06-06 07:24:48
doc_212df9f0bf68,regulation,regulation:cn_civil_aviation_law_2025:art_171,政策法规_中华人民共和国民用航空法_2025修订_2026-07-01施行.txt,172,540,2026-06-06 07:24:48
doc_212df9f0bf68,regulation,regulation:cn_civil_aviation_law_2025:art_172,政策法规_中华人民共和国民用航空法_2025修订_2026-07-01施行.txt,173,87,2026-06-06 07:24:48
doc_212df9f0bf68,regulation,regulation:cn_civil_aviation_law_2025:art_173,政策法规_中华人民共和国民用航空法_2025修订_2026-07-01施行.txt,174,89,2026-06-06 07:24:48
doc_212df9f0bf68,regulation,regulation:cn_civil_aviation_law_2025:art_174,政策法规_中华人民共和国民用航空法_2025修订_2026-07-01施行.txt,175,109,2026-06-06 07:24:48
doc_212df9f0bf68,regulation,regulation:cn_civil_aviation_law_2025:art_175,政策法规_中华人民共和国民用航空法_2025修订_2026-07-01施行.txt,176,83,2026-06-06 07:24:48
doc_212df9f0bf68,regulation,regulation:cn_civil_aviation_law_2025:art_176,政策法规_中华人民共和国民用航空法_2025修订_2026-07-01施行.txt,177,118,2026-06-06 07:24:48
doc_212df9f0bf68,regulation,regulation:cn_civil_aviation_law_2025:art_177,政策法规_中华人民共和国民用航空法_2025修订_2026-07-01施行.txt,178,190,2026-06-06 07:24:48
doc_212df9f0bf68,regulation,regulation:cn_civil_aviation_law_2025:art_178,政策法规_中华人民共和国民用航空法_2025修订_2026-07-01施行.txt,179,67,2026-06-06 07:24:48
doc_212df9f0bf68,regulation,regulation:cn_civil_aviation_law_2025:art_179,政策法规_中华人民共和国民用航空法_2025修订_2026-07-01施行.txt,180,150,2026-06-06 07:24:48
doc_212df9f0bf68,regulation,regulation:cn_civil_aviation_law_2025:art_180,政策法规_中华人民共和国民用航空法_2025修订_2026-07-01施行.txt,181,123,2026-06-06 07:24:48
doc_212df9f0bf68,regulation,regulation:cn_civil_aviation_law_2025:art_181,政策法规_中华人民共和国民用航空法_2025修订_2026-07-01施行.txt,182,137,2026-06-06 07:24:48
doc_212df9f0bf68,regulation,regulation:cn_civil_aviation_law_2025:art_182,政策法规_中华人民共和国民用航空法_2025修订_2026-07-01施行.txt,183,79,2026-06-06 07:24:48
doc_212df9f0bf68,regulation,regulation:cn_civil_aviation_law_2025:art_183,政策法规_中华人民共和国民用航空法_2025修订_2026-07-01施行.txt,184,80,2026-06-06 07:24:48
doc_212df9f0bf68,regulation,regulation:cn_civil_aviation_law_2025:art_184,政策法规_中华人民共和国民用航空法_2025修订_2026-07-01施行.txt,185,69,2026-06-06 07:24:48
doc_212df9f0bf68,regulation,regulation:cn_civil_aviation_law_2025:art_185,政策法规_中华人民共和国民用航空法_2025修订_2026-07-01施行.txt,186,234,2026-06-06 07:24:48
doc_212df9f0bf68,regulation,regulation:cn_civil_aviation_law_2025:art_186,政策法规_中华人民共和国民用航空法_2025修订_2026-07-01施行.txt,187,292,2026-06-06 07:24:48
doc_212df9f0bf68,regulation,regulation:cn_civil_aviation_law_2025:art_187,政策法规_中华人民共和国民用航空法_2025修订_2026-07-01施行.txt,188,113,2026-06-06 07:24:48
doc_212df9f0bf68,regulation,regulation:cn_civil_aviation_law_2025:art_188,政策法规_中华人民共和国民用航空法_2025修订_2026-07-01施行.txt,189,88,2026-06-06 07:24:48
doc_212df9f0bf68,regulation,regulation:cn_civil_aviation_law_2025:art_189,政策法规_中华人民共和国民用航空法_2025修订_2026-07-01施行.txt,190,108,2026-06-06 07:24:48
doc_212df9f0bf68,regulation,regulation:cn_civil_aviation_law_2025:art_190,政策法规_中华人民共和国民用航空法_2025修订_2026-07-01施行.txt,191,236,2026-06-06 07:24:48
doc_212df9f0bf68,regulation,regulation:cn_civil_aviation_law_2025:art_191,政策法规_中华人民共和国民用航空法_2025修订_2026-07-01施行.txt,192,59,2026-06-06 07:24:48
doc_212df9f0bf68,regulation,regulation:cn_civil_aviation_law_2025:art_192,政策法规_中华人民共和国民用航空法_2025修订_2026-07-01施行.txt,193,58,2026-06-06 07:24:48
doc_212df9f0bf68,regulation,regulation:cn_civil_aviation_law_2025:art_193,政策法规_中华人民共和国民用航空法_2025修订_2026-07-01施行.txt,194,39,2026-06-06 07:24:48
doc_212df9f0bf68,regulation,regulation:cn_civil_aviation_law_2025:art_194,政策法规_中华人民共和国民用航空法_2025修订_2026-07-01施行.txt,195,57,2026-06-06 07:24:48
doc_212df9f0bf68,regulation,regulation:cn_civil_aviation_law_2025:art_195,政策法规_中华人民共和国民用航空法_2025修订_2026-07-01施行.txt,196,251,2026-06-06 07:24:48
doc_212df9f0bf68,regulation,regulation:cn_civil_aviation_law_2025:art_196,政策法规_中华人民共和国民用航空法_2025修订_2026-07-01施行.txt,197,196,2026-06-06 07:24:48
doc_212df9f0bf68,regulation,regulation:cn_civil_aviation_law_2025:art_197,政策法规_中华人民共和国民用航空法_2025修订_2026-07-01施行.txt,198,50,2026-06-06 07:24:48
doc_212df9f0bf68,regulation,regulation:cn_civil_aviation_law_2025:art_198,政策法规_中华人民共和国民用航空法_2025修订_2026-07-01施行.txt,199,68,2026-06-06 07:24:48
doc_212df9f0bf68,regulation,regulation:cn_civil_aviation_law_2025:art_199,政策法规_中华人民共和国民用航空法_2025修订_2026-07-01施行.txt,200,66,2026-06-06 07:24:48
doc_212df9f0bf68,regulation,regulation:cn_civil_aviation_law_2025:art_200,政策法规_中华人民共和国民用航空法_2025修订_2026-07-01施行.txt,201,171,2026-06-06 07:24:48
doc_212df9f0bf68,regulation,regulation:cn_civil_aviation_law_2025:art_201,政策法规_中华人民共和国民用航空法_2025修订_2026-07-01施行.txt,202,59,2026-06-06 07:24:48
doc_212df9f0bf68,regulation,regulation:cn_civil_aviation_law_2025:art_202,政策法规_中华人民共和国民用航空法_2025修订_2026-07-01施行.txt,203,215,2026-06-06 07:24:48
doc_212df9f0bf68,regulation,regulation:cn_civil_aviation_law_2025:art_203,政策法规_中华人民共和国民用航空法_2025修订_2026-07-01施行.txt,204,109,2026-06-06 07:24:48
doc_212df9f0bf68,regulation,regulation:cn_civil_aviation_law_2025:art_204,政策法规_中华人民共和国民用航空法_2025修订_2026-07-01施行.txt,205,299,2026-06-06 07:24:48
doc_212df9f0bf68,regulation,regulation:cn_civil_aviation_law_2025:art_205,政策法规_中华人民共和国民用航空法_2025修订_2026-07-01施行.txt,206,67,2026-06-06 07:24:48
doc_212df9f0bf68,regulation,regulation:cn_civil_aviation_law_2025:art_206,政策法规_中华人民共和国民用航空法_2025修订_2026-07-01施行.txt,207,41,2026-06-06 07:24:48
doc_212df9f0bf68,regulation,regulation:cn_civil_aviation_law_2025:art_207,政策法规_中华人民共和国民用航空法_2025修订_2026-07-01施行.txt,208,177,2026-06-06 07:24:48
doc_212df9f0bf68,regulation,regulation:cn_civil_aviation_law_2025:art_208,政策法规_中华人民共和国民用航空法_2025修订_2026-07-01施行.txt,209,42,2026-06-06 07:24:48
doc_212df9f0bf68,regulation,regulation:cn_civil_aviation_law_2025:art_209,政策法规_中华人民共和国民用航空法_2025修订_2026-07-01施行.txt,210,58,2026-06-06 07:24:48
doc_212df9f0bf68,regulation,regulation:cn_civil_aviation_law_2025:art_210,政策法规_中华人民共和国民用航空法_2025修订_2026-07-01施行.txt,211,108,2026-06-06 07:24:48
doc_212df9f0bf68,regulation,regulation:cn_civil_aviation_law_2025:art_211,政策法规_中华人民共和国民用航空法_2025修订_2026-07-01施行.txt,212,54,2026-06-06 07:24:48
doc_212df9f0bf68,regulation,regulation:cn_civil_aviation_law_2025:art_212,政策法规_中华人民共和国民用航空法_2025修订_2026-07-01施行.txt,213,81,2026-06-06 07:24:48
doc_212df9f0bf68,regulation,regulation:cn_civil_aviation_law_2025:art_213,政策法规_中华人民共和国民用航空法_2025修订_2026-07-01施行.txt,214,118,2026-06-06 07:24:48
doc_212df9f0bf68,regulation,regulation:cn_civil_aviation_law_2025:art_214,政策法规_中华人民共和国民用航空法_2025修订_2026-07-01施行.txt,215,41,2026-06-06 07:24:48
doc_212df9f0bf68,regulation,regulation:cn_civil_aviation_law_2025:art_215,政策法规_中华人民共和国民用航空法_2025修订_2026-07-01施行.txt,216,31,2026-06-06 07:24:48
doc_212df9f0bf68,regulation,regulation:cn_civil_aviation_law_2025:art_216,政策法规_中华人民共和国民用航空法_2025修订_2026-07-01施行.txt,217,31,2026-06-06 07:24:48
doc_212df9f0bf68,regulation,regulation:cn_civil_aviation_law_2025:art_217,政策法规_中华人民共和国民用航空法_2025修订_2026-07-01施行.txt,218,72,2026-06-06 07:24:48
doc_212df9f0bf68,regulation,regulation:cn_civil_aviation_law_2025:art_218,政策法规_中华人民共和国民用航空法_2025修订_2026-07-01施行.txt,219,119,2026-06-06 07:24:48
doc_212df9f0bf68,regulation,regulation:cn_civil_aviation_law_2025:art_219,政策法规_中华人民共和国民用航空法_2025修订_2026-07-01施行.txt,220,73,2026-06-06 07:24:48
doc_212df9f0bf68,regulation,regulation:cn_civil_aviation_law_2025:art_220,政策法规_中华人民共和国民用航空法_2025修订_2026-07-01施行.txt,221,129,2026-06-06 07:24:48
doc_212df9f0bf68,regulation,regulation:cn_civil_aviation_law_2025:art_221,政策法规_中华人民共和国民用航空法_2025修订_2026-07-01施行.txt,222,74,2026-06-06 07:24:48
doc_212df9f0bf68,regulation,regulation:cn_civil_aviation_law_2025:art_222,政策法规_中华人民共和国民用航空法_2025修订_2026-07-01施行.txt,223,123,2026-06-06 07:24:48
doc_212df9f0bf68,regulation,regulation:cn_civil_aviation_law_2025:art_223,政策法规_中华人民共和国民用航空法_2025修订_2026-07-01施行.txt,224,51,2026-06-06 07:24:48
doc_212df9f0bf68,regulation,regulation:cn_civil_aviation_law_2025:art_224,政策法规_中华人民共和国民用航空法_2025修订_2026-07-01施行.txt,225,81,2026-06-06 07:24:48
doc_212df9f0bf68,regulation,regulation:cn_civil_aviation_law_2025:art_225,政策法规_中华人民共和国民用航空法_2025修订_2026-07-01施行.txt,226,146,2026-06-06 07:24:48
doc_212df9f0bf68,regulation,regulation:cn_civil_aviation_law_2025:art_226,政策法规_中华人民共和国民用航空法_2025修订_2026-07-01施行.txt,227,86,2026-06-06 07:24:48
doc_212df9f0bf68,regulation,regulation:cn_civil_aviation_law_2025:art_227,政策法规_中华人民共和国民用航空法_2025修订_2026-07-01施行.txt,228,94,2026-06-06 07:24:48
doc_212df9f0bf68,regulation,regulation:cn_civil_aviation_law_2025:art_228,政策法规_中华人民共和国民用航空法_2025修订_2026-07-01施行.txt,229,315,2026-06-06 07:24:48
doc_212df9f0bf68,regulation,regulation:cn_civil_aviation_law_2025:art_229,政策法规_中华人民共和国民用航空法_2025修订_2026-07-01施行.txt,230,76,2026-06-06 07:24:48
doc_212df9f0bf68,regulation,regulation:cn_civil_aviation_law_2025:art_230,政策法规_中华人民共和国民用航空法_2025修订_2026-07-01施行.txt,231,128,2026-06-06 07:24:48
doc_212df9f0bf68,regulation,regulation:cn_civil_aviation_law_2025:art_231,政策法规_中华人民共和国民用航空法_2025修订_2026-07-01施行.txt,232,73,2026-06-06 07:24:48
doc_212df9f0bf68,regulation,regulation:cn_civil_aviation_law_2025:art_232,政策法规_中华人民共和国民用航空法_2025修订_2026-07-01施行.txt,233,97,2026-06-06 07:24:48
doc_212df9f0bf68,regulation,regulation:cn_civil_aviation_law_2025:art_233,政策法规_中华人民共和国民用航空法_2025修订_2026-07-01施行.txt,234,199,2026-06-06 07:24:48
doc_212df9f0bf68,regulation,regulation:cn_civil_aviation_law_2025:art_234,政策法规_中华人民共和国民用航空法_2025修订_2026-07-01施行.txt,235,141,2026-06-06 07:24:48
doc_212df9f0bf68,regulation,regulation:cn_civil_aviation_law_2025:art_235,政策法规_中华人民共和国民用航空法_2025修订_2026-07-01施行.txt,236,113,2026-06-06 07:24:48
doc_212df9f0bf68,regulation,regulation:cn_civil_aviation_law_2025:art_236,政策法规_中华人民共和国民用航空法_2025修订_2026-07-01施行.txt,237,113,2026-06-06 07:24:48
doc_212df9f0bf68,regulation,regulation:cn_civil_aviation_law_2025:art_237,政策法规_中华人民共和国民用航空法_2025修订_2026-07-01施行.txt,238,261,2026-06-06 07:24:48
doc_212df9f0bf68,regulation,regulation:cn_civil_aviation_law_2025:art_238,政策法规_中华人民共和国民用航空法_2025修订_2026-07-01施行.txt,239,167,2026-06-06 07:24:48
doc_212df9f0bf68,regulation,regulation:cn_civil_aviation_law_2025:art_239,政策法规_中华人民共和国民用航空法_2025修订_2026-07-01施行.txt,240,137,2026-06-06 07:24:48
doc_212df9f0bf68,regulation,regulation:cn_civil_aviation_law_2025:art_240,政策法规_中华人民共和国民用航空法_2025修订_2026-07-01施行.txt,241,189,2026-06-06 07:24:48
doc_212df9f0bf68,regulation,regulation:cn_civil_aviation_law_2025:art_241,政策法规_中华人民共和国民用航空法_2025修订_2026-07-01施行.txt,242,173,2026-06-06 07:24:48
doc_212df9f0bf68,regulation,regulation:cn_civil_aviation_law_2025:art_242,政策法规_中华人民共和国民用航空法_2025修订_2026-07-01施行.txt,243,240,2026-06-06 07:24:48
doc_212df9f0bf68,regulation,regulation:cn_civil_aviation_law_2025:art_243,政策法规_中华人民共和国民用航空法_2025修订_2026-07-01施行.txt,244,349,2026-06-06 07:24:48
doc_212df9f0bf68,regulation,regulation:cn_civil_aviation_law_2025:art_244,政策法规_中华人民共和国民用航空法_2025修订_2026-07-01施行.txt,245,198,2026-06-06 07:24:48
doc_212df9f0bf68,regulation,regulation:cn_civil_aviation_law_2025:art_245,政策法规_中华人民共和国民用航空法_2025修订_2026-07-01施行.txt,246,81,2026-06-06 07:24:48
doc_212df9f0bf68,regulation,regulation:cn_civil_aviation_law_2025:art_246,政策法规_中华人民共和国民用航空法_2025修订_2026-07-01施行.txt,247,132,2026-06-06 07:24:48
doc_212df9f0bf68,regulation,regulation:cn_civil_aviation_law_2025:art_247,政策法规_中华人民共和国民用航空法_2025修订_2026-07-01施行.txt,248,203,2026-06-06 07:24:48
doc_212df9f0bf68,regulation,regulation:cn_civil_aviation_law_2025:art_248,政策法规_中华人民共和国民用航空法_2025修订_2026-07-01施行.txt,249,223,2026-06-06 07:24:48
doc_212df9f0bf68,regulation,regulation:cn_civil_aviation_law_2025:art_249,政策法规_中华人民共和国民用航空法_2025修订_2026-07-01施行.txt,250,198,2026-06-06 07:24:48
doc_212df9f0bf68,regulation,regulation:cn_civil_aviation_law_2025:art_250,政策法规_中华人民共和国民用航空法_2025修订_2026-07-01施行.txt,251,95,2026-06-06 07:24:48
doc_212df9f0bf68,regulation,regulation:cn_civil_aviation_law_2025:art_251,政策法规_中华人民共和国民用航空法_2025修订_2026-07-01施行.txt,252,419,2026-06-06 07:24:48
doc_212df9f0bf68,regulation,regulation:cn_civil_aviation_law_2025:art_252,政策法规_中华人民共和国民用航空法_2025修订_2026-07-01施行.txt,253,69,2026-06-06 07:24:48
doc_212df9f0bf68,regulation,regulation:cn_civil_aviation_law_2025:art_253,政策法规_中华人民共和国民用航空法_2025修订_2026-07-01施行.txt,254,165,2026-06-06 07:24:48
doc_212df9f0bf68,regulation,regulation:cn_civil_aviation_law_2025:art_254,政策法规_中华人民共和国民用航空法_2025修订_2026-07-01施行.txt,255,58,2026-06-06 07:24:48
doc_212df9f0bf68,regulation,regulation:cn_civil_aviation_law_2025:art_255,政策法规_中华人民共和国民用航空法_2025修订_2026-07-01施行.txt,256,82,2026-06-06 07:24:48
doc_212df9f0bf68,regulation,regulation:cn_civil_aviation_law_2025:art_256,政策法规_中华人民共和国民用航空法_2025修订_2026-07-01施行.txt,257,47,2026-06-06 07:24:48
doc_212df9f0bf68,regulation,regulation:cn_civil_aviation_law_2025:art_257,政策法规_中华人民共和国民用航空法_2025修订_2026-07-01施行.txt,258,43,2026-06-06 07:24:48
doc_212df9f0bf68,regulation,regulation:cn_civil_aviation_law_2025:art_258,政策法规_中华人民共和国民用航空法_2025修订_2026-07-01施行.txt,259,83,2026-06-06 07:24:48
doc_212df9f0bf68,regulation,regulation:cn_civil_aviation_law_2025:art_259,政策法规_中华人民共和国民用航空法_2025修订_2026-07-01施行.txt,260,176,2026-06-06 07:24:48
doc_212df9f0bf68,regulation,regulation:cn_civil_aviation_law_2025:art_260,政策法规_中华人民共和国民用航空法_2025修订_2026-07-01施行.txt,261,109,2026-06-06 07:24:48
doc_212df9f0bf68,regulation,regulation:cn_civil_aviation_law_2025:art_261,政策法规_中华人民共和国民用航空法_2025修订_2026-07-01施行.txt,262,96,2026-06-06 07:24:48
doc_212df9f0bf68,regulation,regulation:cn_civil_aviation_law_2025:art_262,政策法规_中华人民共和国民用航空法_2025修订_2026-07-01施行.txt,263,24,2026-06-06 07:24:48
doc_df219d581440,question_bank,question_bank:理论题库_无人机飞行手册_法律法规及其他:q_0001:idx_0000,理论题库_无人机飞行手册、法律法规及其他.txt,0,225,2026-06-06 07:24:48
doc_df219d581440,question_bank,question_bank:理论题库_无人机飞行手册_法律法规及其他:q_0002:idx_0001,理论题库_无人机飞行手册、法律法规及其他.txt,1,194,2026-06-06 07:24:48
doc_df219d581440,question_bank,question_bank:理论题库_无人机飞行手册_法律法规及其他:q_0003:idx_0002,理论题库_无人机飞行手册、法律法规及其他.txt,2,185,2026-06-06 07:24:48
doc_df219d581440,question_bank,question_bank:理论题库_无人机飞行手册_法律法规及其他:q_0004:idx_0003,理论题库_无人机飞行手册、法律法规及其他.txt,3,269,2026-06-06 07:24:48
doc_df219d581440,question_bank,question_bank:理论题库_无人机飞行手册_法律法规及其他:q_0005:idx_0004,理论题库_无人机飞行手册、法律法规及其他.txt,4,313,2026-06-06 07:24:48
doc_df219d581440,question_bank,question_bank:理论题库_无人机飞行手册_法律法规及其他:q_0007:idx_0005,理论题库_无人机飞行手册、法律法规及其他.txt,5,225,2026-06-06 07:24:48
doc_df219d581440,question_bank,question_bank:理论题库_无人机飞行手册_法律法规及其他:q_0008:idx_0006,理论题库_无人机飞行手册、法律法规及其他.txt,6,240,2026-06-06 07:24:48
doc_df219d581440,question_bank,question_bank:理论题库_无人机飞行手册_法律法规及其他:q_0009:idx_0007,理论题库_无人机飞行手册、法律法规及其他.txt,7,353,2026-06-06 07:24:48
doc_df219d581440,question_bank,question_bank:理论题库_无人机飞行手册_法律法规及其他:q_0010:idx_0008,理论题库_无人机飞行手册、法律法规及其他.txt,8,376,2026-06-06 07:24:48
doc_df219d581440,question_bank,question_bank:理论题库_无人机飞行手册_法律法规及其他:q_0011:idx_0009,理论题库_无人机飞行手册、法律法规及其他.txt,9,253,2026-06-06 07:24:48
doc_df219d581440,question_bank,question_bank:理论题库_无人机飞行手册_法律法规及其他:q_0012:idx_0010,理论题库_无人机飞行手册、法律法规及其他.txt,10,311,2026-06-06 07:24:48
doc_df219d581440,question_bank,question_bank:理论题库_无人机飞行手册_法律法规及其他:q_0013:idx_0011,理论题库_无人机飞行手册、法律法规及其他.txt,11,210,2026-06-06 07:24:48
doc_df219d581440,question_bank,question_bank:理论题库_无人机飞行手册_法律法规及其他:q_0014:idx_0012,理论题库_无人机飞行手册、法律法规及其他.txt,12,274,2026-06-06 07:24:48
doc_df219d581440,question_bank,question_bank:理论题库_无人机飞行手册_法律法规及其他:q_0015:idx_0013,理论题库_无人机飞行手册、法律法规及其他.txt,13,332,2026-06-06 07:24:48
doc_df219d581440,question_bank,question_bank:理论题库_无人机飞行手册_法律法规及其他:q_0016:idx_0014,理论题库_无人机飞行手册、法律法规及其他.txt,14,200,2026-06-06 07:24:48
doc_df219d581440,question_bank,question_bank:理论题库_无人机飞行手册_法律法规及其他:q_0017:idx_0015,理论题库_无人机飞行手册、法律法规及其他.txt,15,302,2026-06-06 07:24:48
doc_df219d581440,question_bank,question_bank:理论题库_无人机飞行手册_法律法规及其他:q_0018:idx_0016,理论题库_无人机飞行手册、法律法规及其他.txt,16,338,2026-06-06 07:24:48
doc_df219d581440,question_bank,question_bank:理论题库_无人机飞行手册_法律法规及其他:q_0019:idx_0017,理论题库_无人机飞行手册、法律法规及其他.txt,17,337,2026-06-06 07:24:48
doc_df219d581440,question_bank,question_bank:理论题库_无人机飞行手册_法律法规及其他:q_0020:idx_0018,理论题库_无人机飞行手册、法律法规及其他.txt,18,300,2026-06-06 07:24:48
doc_df219d581440,question_bank,question_bank:理论题库_无人机飞行手册_法律法规及其他:q_0023:idx_0019,理论题库_无人机飞行手册、法律法规及其他.txt,19,458,2026-06-06 07:24:48
doc_df219d581440,question_bank,question_bank:理论题库_无人机飞行手册_法律法规及其他:q_0024:idx_0020,理论题库_无人机飞行手册、法律法规及其他.txt,20,487,2026-06-06 07:24:48
doc_df219d581440,question_bank,question_bank:理论题库_无人机飞行手册_法律法规及其他:q_0025:idx_0021,理论题库_无人机飞行手册、法律法规及其他.txt,21,398,2026-06-06 07:24:48
doc_df219d581440,question_bank,question_bank:理论题库_无人机飞行手册_法律法规及其他:q_0026:idx_0022,理论题库_无人机飞行手册、法律法规及其他.txt,22,407,2026-06-06 07:24:48
doc_df219d581440,question_bank,question_bank:理论题库_无人机飞行手册_法律法规及其他:q_0027:idx_0023,理论题库_无人机飞行手册、法律法规及其他.txt,23,302,2026-06-06 07:24:48
doc_df219d581440,question_bank,question_bank:理论题库_无人机飞行手册_法律法规及其他:q_0028:idx_0024,理论题库_无人机飞行手册、法律法规及其他.txt,24,238,2026-06-06 07:24:48
doc_df219d581440,question_bank,question_bank:理论题库_无人机飞行手册_法律法规及其他:q_0029:idx_0025,理论题库_无人机飞行手册、法律法规及其他.txt,25,361,2026-06-06 07:24:48
doc_df219d581440,question_bank,question_bank:理论题库_无人机飞行手册_法律法规及其他:q_0030:idx_0026,理论题库_无人机飞行手册、法律法规及其他.txt,26,360,2026-06-06 07:24:48
doc_df219d581440,question_bank,question_bank:理论题库_无人机飞行手册_法律法规及其他:q_0031:idx_0027,理论题库_无人机飞行手册、法律法规及其他.txt,27,226,2026-06-06 07:24:48
doc_df219d581440,question_bank,question_bank:理论题库_无人机飞行手册_法律法规及其他:q_0032:idx_0028,理论题库_无人机飞行手册、法律法规及其他.txt,28,369,2026-06-06 07:24:48
doc_df219d581440,question_bank,question_bank:理论题库_无人机飞行手册_法律法规及其他:q_0033:idx_0029,理论题库_无人机飞行手册、法律法规及其他.txt,29,240,2026-06-06 07:24:48
doc_df219d581440,question_bank,question_bank:理论题库_无人机飞行手册_法律法规及其他:q_0035:idx_0030,理论题库_无人机飞行手册、法律法规及其他.txt,30,198,2026-06-06 07:24:48
doc_df219d581440,question_bank,question_bank:理论题库_无人机飞行手册_法律法规及其他:q_0036:idx_0031,理论题库_无人机飞行手册、法律法规及其他.txt,31,178,2026-06-06 07:24:48
doc_df219d581440,question_bank,question_bank:理论题库_无人机飞行手册_法律法规及其他:q_0037:idx_0032,理论题库_无人机飞行手册、法律法规及其他.txt,32,273,2026-06-06 07:24:48
doc_df219d581440,question_bank,question_bank:理论题库_无人机飞行手册_法律法规及其他:q_0038:idx_0033,理论题库_无人机飞行手册、法律法规及其他.txt,33,216,2026-06-06 07:24:48
doc_df219d581440,question_bank,question_bank:理论题库_无人机飞行手册_法律法规及其他:q_0039:idx_0034,理论题库_无人机飞行手册、法律法规及其他.txt,34,205,2026-06-06 07:24:48
doc_df219d581440,question_bank,question_bank:理论题库_无人机飞行手册_法律法规及其他:q_0040:idx_0035,理论题库_无人机飞行手册、法律法规及其他.txt,35,443,2026-06-06 07:24:48
doc_df219d581440,question_bank,question_bank:理论题库_无人机飞行手册_法律法规及其他:q_0041:idx_0036,理论题库_无人机飞行手册、法律法规及其他.txt,36,452,2026-06-06 07:24:48
doc_df219d581440,question_bank,question_bank:理论题库_无人机飞行手册_法律法规及其他:q_0042:idx_0037,理论题库_无人机飞行手册、法律法规及其他.txt,37,445,2026-06-06 07:24:48
doc_df219d581440,question_bank,question_bank:理论题库_无人机飞行手册_法律法规及其他:q_0043:idx_0038,理论题库_无人机飞行手册、法律法规及其他.txt,38,437,2026-06-06 07:24:48
doc_df219d581440,question_bank,question_bank:理论题库_无人机飞行手册_法律法规及其他:q_0044:idx_0039,理论题库_无人机飞行手册、法律法规及其他.txt,39,281,2026-06-06 07:24:48
doc_df219d581440,question_bank,question_bank:理论题库_无人机飞行手册_法律法规及其他:q_0045:idx_0040,理论题库_无人机飞行手册、法律法规及其他.txt,40,290,2026-06-06 07:24:48
doc_df219d581440,question_bank,question_bank:理论题库_无人机飞行手册_法律法规及其他:q_0046:idx_0041,理论题库_无人机飞行手册、法律法规及其他.txt,41,221,2026-06-06 07:24:48
doc_df219d581440,question_bank,question_bank:理论题库_无人机飞行手册_法律法规及其他:q_0047:idx_0042,理论题库_无人机飞行手册、法律法规及其他.txt,42,232,2026-06-06 07:24:48
doc_df219d581440,question_bank,question_bank:理论题库_无人机飞行手册_法律法规及其他:q_0048:idx_0043,理论题库_无人机飞行手册、法律法规及其他.txt,43,332,2026-06-06 07:24:48
doc_df219d581440,question_bank,question_bank:理论题库_无人机飞行手册_法律法规及其他:q_0049:idx_0044,理论题库_无人机飞行手册、法律法规及其他.txt,44,380,2026-06-06 07:24:48
doc_df219d581440,question_bank,question_bank:理论题库_无人机飞行手册_法律法规及其他:q_0050:idx_0045,理论题库_无人机飞行手册、法律法规及其他.txt,45,313,2026-06-06 07:24:48
doc_df219d581440,question_bank,question_bank:理论题库_无人机飞行手册_法律法规及其他:q_0052:idx_0046,理论题库_无人机飞行手册、法律法规及其他.txt,46,360,2026-06-06 07:24:48
doc_df219d581440,question_bank,question_bank:理论题库_无人机飞行手册_法律法规及其他:q_0053:idx_0047,理论题库_无人机飞行手册、法律法规及其他.txt,47,101,2026-06-06 07:24:48
doc_df219d581440,question_bank,question_bank:理论题库_无人机飞行手册_法律法规及其他:q_0054:idx_0048,理论题库_无人机飞行手册、法律法规及其他.txt,48,210,2026-06-06 07:24:48
doc_df219d581440,question_bank,question_bank:理论题库_无人机飞行手册_法律法规及其他:q_0055:idx_0049,理论题库_无人机飞行手册、法律法规及其他.txt,49,341,2026-06-06 07:24:48
doc_df219d581440,question_bank,question_bank:理论题库_无人机飞行手册_法律法规及其他:q_0056:idx_0050,理论题库_无人机飞行手册、法律法规及其他.txt,50,345,2026-06-06 07:24:48
doc_df219d581440,question_bank,question_bank:理论题库_无人机飞行手册_法律法规及其他:q_0057:idx_0051,理论题库_无人机飞行手册、法律法规及其他.txt,51,339,2026-06-06 07:24:48
doc_df219d581440,question_bank,question_bank:理论题库_无人机飞行手册_法律法规及其他:q_0058:idx_0052,理论题库_无人机飞行手册、法律法规及其他.txt,52,375,2026-06-06 07:24:48
doc_df219d581440,question_bank,question_bank:理论题库_无人机飞行手册_法律法规及其他:q_0059:idx_0053,理论题库_无人机飞行手册、法律法规及其他.txt,53,405,2026-06-06 07:24:48
doc_df219d581440,question_bank,question_bank:理论题库_无人机飞行手册_法律法规及其他:q_0060:idx_0054,理论题库_无人机飞行手册、法律法规及其他.txt,54,390,2026-06-06 07:24:48
doc_df219d581440,question_bank,question_bank:理论题库_无人机飞行手册_法律法规及其他:q_0061:idx_0055,理论题库_无人机飞行手册、法律法规及其他.txt,55,231,2026-06-06 07:24:48
doc_df219d581440,question_bank,question_bank:理论题库_无人机飞行手册_法律法规及其他:q_0062:idx_0056,理论题库_无人机飞行手册、法律法规及其他.txt,56,351,2026-06-06 07:24:48
doc_df219d581440,question_bank,question_bank:理论题库_无人机飞行手册_法律法规及其他:q_0063:idx_0057,理论题库_无人机飞行手册、法律法规及其他.txt,57,257,2026-06-06 07:24:48
doc_df219d581440,question_bank,question_bank:理论题库_无人机飞行手册_法律法规及其他:q_0064:idx_0058,理论题库_无人机飞行手册、法律法规及其他.txt,58,91,2026-06-06 07:24:48
doc_df219d581440,question_bank,question_bank:理论题库_无人机飞行手册_法律法规及其他:q_0065:idx_0059,理论题库_无人机飞行手册、法律法规及其他.txt,59,257,2026-06-06 07:24:48
doc_df219d581440,question_bank,question_bank:理论题库_无人机飞行手册_法律法规及其他:q_0066:idx_0060,理论题库_无人机飞行手册、法律法规及其他.txt,60,330,2026-06-06 07:24:48
doc_df219d581440,question_bank,question_bank:理论题库_无人机飞行手册_法律法规及其他:q_0067:idx_0061,理论题库_无人机飞行手册、法律法规及其他.txt,61,268,2026-06-06 07:24:48
doc_df219d581440,question_bank,question_bank:理论题库_无人机飞行手册_法律法规及其他:q_0068:idx_0062,理论题库_无人机飞行手册、法律法规及其他.txt,62,343,2026-06-06 07:24:48
doc_df219d581440,question_bank,question_bank:理论题库_无人机飞行手册_法律法规及其他:q_0069:idx_0063,理论题库_无人机飞行手册、法律法规及其他.txt,63,227,2026-06-06 07:24:48
doc_df219d581440,question_bank,question_bank:理论题库_无人机飞行手册_法律法规及其他:q_0070:idx_0064,理论题库_无人机飞行手册、法律法规及其他.txt,64,477,2026-06-06 07:24:48
doc_df219d581440,question_bank,question_bank:理论题库_无人机飞行手册_法律法规及其他:q_0072:idx_0065,理论题库_无人机飞行手册、法律法规及其他.txt,65,549,2026-06-06 07:24:48
doc_df219d581440,question_bank,question_bank:理论题库_无人机飞行手册_法律法规及其他:q_0073:idx_0066,理论题库_无人机飞行手册、法律法规及其他.txt,66,402,2026-06-06 07:24:48
doc_df219d581440,question_bank,question_bank:理论题库_无人机飞行手册_法律法规及其他:q_0074:idx_0067,理论题库_无人机飞行手册、法律法规及其他.txt,67,146,2026-06-06 07:24:48
doc_df219d581440,question_bank,question_bank:理论题库_无人机飞行手册_法律法规及其他:q_0075:idx_0068,理论题库_无人机飞行手册、法律法规及其他.txt,68,395,2026-06-06 07:24:48
doc_df219d581440,question_bank,question_bank:理论题库_无人机飞行手册_法律法规及其他:q_0076:idx_0069,理论题库_无人机飞行手册、法律法规及其他.txt,69,93,2026-06-06 07:24:48
doc_df219d581440,question_bank,question_bank:理论题库_无人机飞行手册_法律法规及其他:q_0077:idx_0070,理论题库_无人机飞行手册、法律法规及其他.txt,70,235,2026-06-06 07:24:48
doc_df219d581440,question_bank,question_bank:理论题库_无人机飞行手册_法律法规及其他:q_0078:idx_0071,理论题库_无人机飞行手册、法律法规及其他.txt,71,228,2026-06-06 07:24:48
doc_df219d581440,question_bank,question_bank:理论题库_无人机飞行手册_法律法规及其他:q_0079:idx_0072,理论题库_无人机飞行手册、法律法规及其他.txt,72,114,2026-06-06 07:24:48
doc_df219d581440,question_bank,question_bank:理论题库_无人机飞行手册_法律法规及其他:q_0080:idx_0073,理论题库_无人机飞行手册、法律法规及其他.txt,73,162,2026-06-06 07:24:48
doc_df219d581440,question_bank,question_bank:理论题库_无人机飞行手册_法律法规及其他:q_0082:idx_0074,理论题库_无人机飞行手册、法律法规及其他.txt,74,404,2026-06-06 07:24:48
doc_df219d581440,question_bank,question_bank:理论题库_无人机飞行手册_法律法规及其他:q_0083:idx_0075,理论题库_无人机飞行手册、法律法规及其他.txt,75,396,2026-06-06 07:24:48
doc_df219d581440,question_bank,question_bank:理论题库_无人机飞行手册_法律法规及其他:q_0084:idx_0076,理论题库_无人机飞行手册、法律法规及其他.txt,76,348,2026-06-06 07:24:48
doc_df219d581440,question_bank,question_bank:理论题库_无人机飞行手册_法律法规及其他:q_0085:idx_0077,理论题库_无人机飞行手册、法律法规及其他.txt,77,485,2026-06-06 07:24:48
doc_df219d581440,question_bank,question_bank:理论题库_无人机飞行手册_法律法规及其他:q_0086:idx_0078,理论题库_无人机飞行手册、法律法规及其他.txt,78,419,2026-06-06 07:24:48
doc_df219d581440,question_bank,question_bank:理论题库_无人机飞行手册_法律法规及其他:q_0087:idx_0079,理论题库_无人机飞行手册、法律法规及其他.txt,79,438,2026-06-06 07:24:48
doc_df219d581440,question_bank,question_bank:理论题库_无人机飞行手册_法律法规及其他:q_0088:idx_0080,理论题库_无人机飞行手册、法律法规及其他.txt,80,526,2026-06-06 07:24:48
doc_df219d581440,question_bank,question_bank:理论题库_无人机飞行手册_法律法规及其他:q_0089:idx_0081,理论题库_无人机飞行手册、法律法规及其他.txt,81,472,2026-06-06 07:24:48
doc_df219d581440,question_bank,question_bank:理论题库_无人机飞行手册_法律法规及其他:q_0090:idx_0082,理论题库_无人机飞行手册、法律法规及其他.txt,82,414,2026-06-06 07:24:48
doc_df219d581440,question_bank,question_bank:理论题库_无人机飞行手册_法律法规及其他:q_0091:idx_0083,理论题库_无人机飞行手册、法律法规及其他.txt,83,138,2026-06-06 07:24:48
doc_df219d581440,question_bank,question_bank:理论题库_无人机飞行手册_法律法规及其他:q_0092:idx_0084,理论题库_无人机飞行手册、法律法规及其他.txt,84,138,2026-06-06 07:24:48
doc_df219d581440,question_bank,question_bank:理论题库_无人机飞行手册_法律法规及其他:q_0093:idx_0085,理论题库_无人机飞行手册、法律法规及其他.txt,85,497,2026-06-06 07:24:48
doc_df219d581440,question_bank,question_bank:理论题库_无人机飞行手册_法律法规及其他:q_0095:idx_0086,理论题库_无人机飞行手册、法律法规及其他.txt,86,328,2026-06-06 07:24:48
doc_df219d581440,question_bank,question_bank:理论题库_无人机飞行手册_法律法规及其他:q_0096:idx_0087,理论题库_无人机飞行手册、法律法规及其他.txt,87,323,2026-06-06 07:24:48
doc_df219d581440,question_bank,question_bank:理论题库_无人机飞行手册_法律法规及其他:q_0097:idx_0088,理论题库_无人机飞行手册、法律法规及其他.txt,88,189,2026-06-06 07:24:48
doc_df219d581440,question_bank,question_bank:理论题库_无人机飞行手册_法律法规及其他:q_0098:idx_0089,理论题库_无人机飞行手册、法律法规及其他.txt,89,190,2026-06-06 07:24:48
doc_df219d581440,question_bank,question_bank:理论题库_无人机飞行手册_法律法规及其他:q_0099:idx_0090,理论题库_无人机飞行手册、法律法规及其他.txt,90,247,2026-06-06 07:24:48
doc_df219d581440,question_bank,question_bank:理论题库_无人机飞行手册_法律法规及其他:q_0100:idx_0091,理论题库_无人机飞行手册、法律法规及其他.txt,91,144,2026-06-06 07:24:48
doc_df219d581440,question_bank,question_bank:理论题库_无人机飞行手册_法律法规及其他:q_0103:idx_0092,理论题库_无人机飞行手册、法律法规及其他.txt,92,275,2026-06-06 07:24:48
doc_df219d581440,question_bank,question_bank:理论题库_无人机飞行手册_法律法规及其他:q_0104:idx_0093,理论题库_无人机飞行手册、法律法规及其他.txt,93,152,2026-06-06 07:24:48
doc_df219d581440,question_bank,question_bank:理论题库_无人机飞行手册_法律法规及其他:q_0105:idx_0094,理论题库_无人机飞行手册、法律法规及其他.txt,94,185,2026-06-06 07:24:48
doc_df219d581440,question_bank,question_bank:理论题库_无人机飞行手册_法律法规及其他:q_0106:idx_0095,理论题库_无人机飞行手册、法律法规及其他.txt,95,277,2026-06-06 07:24:48
doc_df219d581440,question_bank,question_bank:理论题库_无人机飞行手册_法律法规及其他:q_0107:idx_0096,理论题库_无人机飞行手册、法律法规及其他.txt,96,331,2026-06-06 07:24:48
doc_df219d581440,question_bank,question_bank:理论题库_无人机飞行手册_法律法规及其他:q_0108:idx_0097,理论题库_无人机飞行手册、法律法规及其他.txt,97,218,2026-06-06 07:24:48
doc_df219d581440,question_bank,question_bank:理论题库_无人机飞行手册_法律法规及其他:q_0110:idx_0098,理论题库_无人机飞行手册、法律法规及其他.txt,98,426,2026-06-06 07:24:48
doc_df219d581440,question_bank,question_bank:理论题库_无人机飞行手册_法律法规及其他:q_0112:idx_0099,理论题库_无人机飞行手册、法律法规及其他.txt,99,324,2026-06-06 07:24:48
doc_df219d581440,question_bank,question_bank:理论题库_无人机飞行手册_法律法规及其他:q_0113:idx_0100,理论题库_无人机飞行手册、法律法规及其他.txt,100,326,2026-06-06 07:24:48
doc_df219d581440,question_bank,question_bank:理论题库_无人机飞行手册_法律法规及其他:q_0114:idx_0101,理论题库_无人机飞行手册、法律法规及其他.txt,101,176,2026-06-06 07:24:48
doc_df219d581440,question_bank,question_bank:理论题库_无人机飞行手册_法律法规及其他:q_0116:idx_0102,理论题库_无人机飞行手册、法律法规及其他.txt,102,230,2026-06-06 07:24:48
doc_df219d581440,question_bank,question_bank:理论题库_无人机飞行手册_法律法规及其他:q_0117:idx_0103,理论题库_无人机飞行手册、法律法规及其他.txt,103,270,2026-06-06 07:24:48
doc_df219d581440,question_bank,question_bank:理论题库_无人机飞行手册_法律法规及其他:q_0118:idx_0104,理论题库_无人机飞行手册、法律法规及其他.txt,104,242,2026-06-06 07:24:48
doc_df219d581440,question_bank,question_bank:理论题库_无人机飞行手册_法律法规及其他:q_0119:idx_0105,理论题库_无人机飞行手册、法律法规及其他.txt,105,288,2026-06-06 07:24:48
doc_df219d581440,question_bank,question_bank:理论题库_无人机飞行手册_法律法规及其他:q_0120:idx_0106,理论题库_无人机飞行手册、法律法规及其他.txt,106,392,2026-06-06 07:24:48
doc_df219d581440,question_bank,question_bank:理论题库_无人机飞行手册_法律法规及其他:q_0122:idx_0107,理论题库_无人机飞行手册、法律法规及其他.txt,107,294,2026-06-06 07:24:48
doc_df219d581440,question_bank,question_bank:理论题库_无人机飞行手册_法律法规及其他:q_0123:idx_0108,理论题库_无人机飞行手册、法律法规及其他.txt,108,246,2026-06-06 07:24:48
doc_df219d581440,question_bank,question_bank:理论题库_无人机飞行手册_法律法规及其他:q_0124:idx_0109,理论题库_无人机飞行手册、法律法规及其他.txt,109,152,2026-06-06 07:24:48
doc_df219d581440,question_bank,question_bank:理论题库_无人机飞行手册_法律法规及其他:q_0125:idx_0110,理论题库_无人机飞行手册、法律法规及其他.txt,110,439,2026-06-06 07:24:48
doc_df219d581440,question_bank,question_bank:理论题库_无人机飞行手册_法律法规及其他:q_0126:idx_0111,理论题库_无人机飞行手册、法律法规及其他.txt,111,219,2026-06-06 07:24:48
doc_df219d581440,question_bank,question_bank:理论题库_无人机飞行手册_法律法规及其他:q_0127:idx_0112,理论题库_无人机飞行手册、法律法规及其他.txt,112,221,2026-06-06 07:24:48
doc_df219d581440,question_bank,question_bank:理论题库_无人机飞行手册_法律法规及其他:q_0128:idx_0113,理论题库_无人机飞行手册、法律法规及其他.txt,113,174,2026-06-06 07:24:48
doc_df219d581440,question_bank,question_bank:理论题库_无人机飞行手册_法律法规及其他:q_0129:idx_0114,理论题库_无人机飞行手册、法律法规及其他.txt,114,120,2026-06-06 07:24:48
doc_df219d581440,question_bank,question_bank:理论题库_无人机飞行手册_法律法规及其他:q_0130:idx_0115,理论题库_无人机飞行手册、法律法规及其他.txt,115,295,2026-06-06 07:24:48
doc_df219d581440,question_bank,question_bank:理论题库_无人机飞行手册_法律法规及其他:q_0001:idx_0116,理论题库_无人机飞行手册、法律法规及其他.txt,116,132,2026-06-06 07:24:48
doc_df219d581440,question_bank,question_bank:理论题库_无人机飞行手册_法律法规及其他:q_0002:idx_0117,理论题库_无人机飞行手册、法律法规及其他.txt,117,138,2026-06-06 07:24:48
doc_df219d581440,question_bank,question_bank:理论题库_无人机飞行手册_法律法规及其他:q_0003:idx_0118,理论题库_无人机飞行手册、法律法规及其他.txt,118,149,2026-06-06 07:24:48
doc_df219d581440,question_bank,question_bank:理论题库_无人机飞行手册_法律法规及其他:q_0004:idx_0119,理论题库_无人机飞行手册、法律法规及其他.txt,119,137,2026-06-06 07:24:48
doc_df219d581440,question_bank,question_bank:理论题库_无人机飞行手册_法律法规及其他:q_0005:idx_0120,理论题库_无人机飞行手册、法律法规及其他.txt,120,156,2026-06-06 07:24:48
doc_df219d581440,question_bank,question_bank:理论题库_无人机飞行手册_法律法规及其他:q_0006:idx_0121,理论题库_无人机飞行手册、法律法规及其他.txt,121,125,2026-06-06 07:24:48
doc_df219d581440,question_bank,question_bank:理论题库_无人机飞行手册_法律法规及其他:q_0007:idx_0122,理论题库_无人机飞行手册、法律法规及其他.txt,122,129,2026-06-06 07:24:48
